Survived,Pclass,Sex,Age,SibSp,Parch,Fare,Embarked
1,3,male,2.776249171867594,0,0,40.548021937556456,Q
0,2,male,19.85479994189626,1,0,5.454701764437412,S
1,1,male,29.590274198848316,1,2,61.40391139396366,S
1,3,female,,1,0,13.897024105012097,S
0,3,male,18.51716258959774,0,0,5.683563372472899,S
1,2,female,53.7319537433712,4,1,84.38951305732844,S
1,1,female,19.77393764939289,0,0,18.904341647274805,S
1,1,male,19.795168877014966,0,1,111.81798030296055,S
0,3,female,51.991684502518126,0,0,60.29327165813267,C
0,3,male,,0,0,9.793009998203228,S
0,2,male,21.695641429332138,1,0,18.6064664547422,S
1,1,female,,0,0,22.39715956523746,S
1,3,female,49.31956687435986,0,0,79.33448327709901,S
1,3,male,50.95994088457239,0,1,29.777883157224835,S
0,3,male,17.856498900581286,0,1,23.53911155018765,S
0,3,male,29.08470975385293,1,0,16.77866890500413,S
0,1,male,31.00727400117981,1,1,19.192098689230075,C
0,2,male,15.399518397509334,1,0,64.98346657204712,C
1,2,male,28.89256673657508,0,0,20.15263029725855,Q
1,3,male,29.777181476549657,0,0,14.076439690043678,S
1,3,male,46.23303744458266,0,1,12.084740619917739,S
0,3,female,47.20766291051241,2,0,12.202140187360008,S
1,3,female,24.926463723794384,0,0,5.686606104933641,S
1,3,female,26.59767941401823,1,0,10.223226326755283,Q
1,3,male,39.33223837980672,0,1,77.3683860418003,Q
0,1,male,21.21476749055833,2,1,16.67750266652766,S
0,1,male,38.23528220019234,0,1,37.86285308260212,S
0,2,male,,0,0,2.1578646265472665,S
0,3,male,15.64372062279,1,0,33.497813835818214,S
1,1,male,15.825867663245123,0,0,17.370659826134737,Q
1,3,female,50.68235109245098,0,1,13.022830108428357,S
1,3,male,27.43188855242217,0,0,23.638197971182073,S
0,3,female,53.48513436152551,1,1,12.855314062430141,S
0,1,male,,1,0,2.969853342900084,S
0,2,female,33.922475416406655,0,1,46.06360445864854,S
0,1,male,,0,1,24.995999828690877,C
0,3,male,,1,1,15.141688850932688,S
0,3,male,2.181689751453238,0,1,8.41851262792017,S
0,3,female,48.355556903664876,1,1,5.350169461770601,S
1,2,male,,0,1,24.569441034636295,S
0,2,male,29.39975772045961,0,0,85.80668045148313,S
1,2,male,21.204185948452018,1,1,24.115380430292507,S
1,3,female,33.588360323852086,0,0,5.786424406875601,S
0,3,male,15.917224995806738,0,1,24.596522086222112,S
1,1,male,27.09086872569206,0,0,19.144037969708783,C
1,3,male,36.22232223506975,0,0,43.712725604174224,S
0,1,female,,0,0,34.676418010053894,Q
0,3,male,19.548781570134608,0,0,1.3671929814719654,S
1,1,male,,0,0,32.80949594425535,S
0,2,female,8.982176203718964,1,0,8.140637805641633,S
0,3,male,23.572865749418177,0,0,5.58700928682616,S
0,1,male,31.422549828592075,2,0,16.95179843679534,S
1,2,male,,0,0,29.074863339746532,S
1,2,male,25.765040852489992,0,0,4.5875166864247126,C
1,2,male,29.41142577185451,0,0,37.86846756230703,S
1,3,male,,0,0,39.9250905770465,S
0,3,female,39.72040720506972,0,1,20.95293174492955,Q
0,3,female,,0,0,9.199404307700208,S
0,2,male,,0,0,8.319147588088258,Q
0,3,male,36.73537435642675,1,0,50.569009006124055,C
1,2,male,26.225551246197618,0,2,5.154651867205712,C
0,2,female,34.99956650305832,2,0,52.35374197670623,C
0,1,male,52.403803202447186,0,0,17.310629880720462,S
1,3,male,37.075563373762435,0,0,18.42574645325322,S
1,3,male,3.9854891872596276,0,0,4.317692280212079,C
0,3,male,36.282936655980905,1,0,17.600987930513345,C
0,3,male,,0,0,34.890931896836236,S
0,3,female,26.48685553502751,0,0,6.032918684604222,S
0,3,male,44.13670468870857,0,1,31.461742394173783,S
0,3,female,19.693324653296784,0,0,21.760818328983795,S
0,2,male,8.159682186927029,0,1,11.252833319357276,S
0,1,female,31.74695077307328,1,0,43.34562510535994,C
1,1,female,,0,0,2.7675678663489656,C
0,3,female,26.22332031304292,0,0,27.4402983021812,S
0,3,male,48.35921280835979,1,0,86.27083934022387,S
0,3,male,2.0084378666789284,0,0,73.40182691718275,S
0,1,male,11.14729645924848,1,0,28.52628801088793,S
1,3,male,14.735532445157125,0,0,15.309710518388409,S
0,1,male,28.78186203419108,0,0,11.333667254055399,S
1,2,female,24.397106608129967,0,0,15.292565350349692,S
1,1,female,49.98747753459327,0,1,32.767151113654705,S
0,1,male,43.53805077182961,1,0,9.713149393560963,S
1,3,male,,0,0,39.71311303268311,S
0,2,female,31.81163955798633,1,1,136.98130630685299,S
0,3,female,,0,1,18.997456245455616,S
0,3,male,17.201255847956062,0,0,5.989720063398307,S
1,2,male,42.12955012657088,1,0,5.987833905709578,S
0,3,female,13.575358311791582,2,0,40.40320027430958,S
0,1,male,41.812966411582345,3,1,19.03403017434716,S
0,3,male,46.89906628072305,1,0,44.21870132314402,Q
0,3,female,32.757536730277266,1,0,12.42523115404078,S
1,3,female,27.14491064505135,1,0,42.417507628825845,S
0,3,female,35.50449367049026,1,0,17.418463144240405,S
0,1,female,-11.792016366459759,3,0,10.388987492898739,C
0,3,male,34.082744168039184,1,2,14.000616566052852,C
1,2,male,28.056367031322797,2,0,6.839065367495785,S
0,1,male,28.965892360673628,0,0,120.35233944553494,S
0,2,male,39.9447214370185,0,0,18.416672487579387,S
0,3,male,28.615850637311446,1,0,35.875789464400455,S
1,3,male,13.167000578558206,1,0,12.389109002403623,S
1,3,male,27.649661273032017,0,0,7.793304442271572,S
1,3,female,30.679554519171955,0,0,16.27300402749284,Q
0,1,male,31.366541717924683,0,0,54.11293654208079,C
1,3,male,32.04783082563348,1,1,12.570356554858959,S
1,2,male,44.77085115131902,0,0,9.17535627769873,Q
1,3,male,,1,0,23.101968259392546,S
0,1,female,32.24765661439032,1,0,31.472694877935993,S
0,3,male,48.403980629964494,0,1,88.10800151950652,C
0,2,male,4.548133294410668,0,1,27.61545087881432,S
1,1,female,32.304876871310775,0,0,35.85895801322917,S
0,3,male,21.21201172139087,0,0,38.37275540908734,S
0,1,male,24.324699425139976,1,0,7.115575802672403,S
0,1,male,16.58029120339088,0,0,8.440158909558921,S
0,3,male,27.24151462234356,0,0,7.572273399627004,S
0,2,female,56.39820640919011,0,1,6.056116904592145,S
1,3,male,,1,1,41.096127160195955,S
1,2,male,12.740654964057,1,1,26.076775288426486,S
1,3,male,,0,0,21.57524206881942,S
0,3,male,54.74756515610746,0,0,1.947516821360832,S
1,3,male,,0,0,127.73134266676242,S
0,3,female,29.328233624958724,1,1,8.981394827565556,S
1,3,male,23.859647353959524,0,0,127.31081774932197,C
0,3,male,16.005868263155172,1,0,5.4503654823799685,S
0,2,male,26.290315624090685,3,0,9.668169137898271,C
0,1,male,65.34453228318011,1,0,2.7660921715672733,C
0,3,male,,1,0,27.82437620351566,S
0,3,female,17.33240164201205,2,0,7.454880072776157,C
0,1,female,39.08982449439444,2,0,7.646896362818395,C
0,2,male,17.64291979633754,0,0,5.840037421104866,S
0,3,male,,2,1,40.43191937132341,S
0,3,female,44.482908306137126,0,0,38.10392466512221,C
1,3,male,,1,0,102.59923760626539,Q
0,3,male,44.86775764019454,0,0,10.835892906298362,S
0,3,male,22.886953886316196,0,0,24.45751263456857,C
0,2,female,27.281751856971198,0,0,6.294009590150109,C
0,3,female,40.57160052804279,0,0,14.856907068017351,C
1,2,male,35.376692541547555,1,0,12.591717015254732,Q
0,3,female,,1,0,30.508488664091658,S
1,2,male,6.223458608286613,0,1,50.16510300885635,S
0,3,male,31.351190315059178,0,0,49.00684693657674,S
0,3,male,45.34563976892364,0,0,9.407139808007768,S
0,3,male,12.334969809004722,0,0,49.334375711537106,S
1,3,male,38.96201103430167,0,1,19.30421327718016,C
0,2,male,,0,0,14.997189152252224,Q
0,3,male,40.57714981686884,0,0,10.615759707787376,S
0,2,female,42.3436447459256,1,0,12.134562491335464,S
0,2,male,19.63025399208238,2,1,96.35916011351328,S
0,2,male,6.254088697608282,0,1,26.487414346190757,S
0,1,male,21.96396687759825,0,1,23.50353094286343,S
0,1,male,42.592346104141605,0,0,15.862817162377596,S
1,3,female,21.84094339887342,0,1,181.52270645118173,S
1,3,female,19.63637180406419,0,0,65.00794153939874,C
0,3,female,3.290420042092741,0,1,10.496523390624485,S
0,1,male,55.113389540988614,0,1,15.701346150769327,S
0,2,male,41.67284780066699,1,2,16.563142757048666,S
1,1,male,40.863491728484085,1,0,22.90338647094831,S
0,3,male,43.73201810830237,0,0,10.685595361926476,Q
1,3,male,38.062271242379325,0,0,29.812711740365256,Q
1,2,male,26.15723159989683,1,1,74.20854600683064,S
1,3,male,27.325420490228076,0,0,6.157893174368497,S
0,1,male,23.50031671341419,0,0,7.276630681626228,S
1,2,male,,1,0,13.00270353710229,S
0,1,female,,0,1,13.556742105007888,S
0,2,female,,1,0,121.34276230707846,S
0,3,male,,0,2,49.478503276836754,S
0,3,female,15.042400691083396,0,1,46.98789977210907,S
1,1,male,51.51534741954379,0,1,15.832596363688175,S
1,3,female,20.114498110796468,1,0,15.522924540514099,S
0,3,female,36.965738773025755,1,0,5.438292471122572,S
1,3,male,45.15667563127545,1,0,40.591805255724104,S
0,3,female,35.27914389097239,1,0,31.247805331615485,S
0,2,female,31.069814881384755,1,0,63.90500144596426,S
0,3,female,29.856630230412218,1,0,16.61412534583537,S
1,2,female,,0,0,17.67937610520368,C
0,3,male,,0,0,23.407136996347575,Q
0,2,male,,0,0,44.82239119212117,S
0,3,female,,0,2,5.348445404653103,C
1,1,male,28.126218826065227,0,0,38.95669016095562,S
1,2,male,18.305954093949786,0,0,19.718435178924782,S
1,3,male,22.213684845508126,1,0,7.746386362679998,S
1,3,male,45.65537487010973,1,1,3.076691473206031,S
1,2,male,39.49629618088494,1,0,17.763995059470368,S
0,3,female,37.82477308436772,0,0,73.91691446716952,Q
0,3,male,25.96594261580802,0,0,90.66906233281891,S
1,2,female,38.0137558175077,1,1,27.655886250656884,S
1,3,female,20.368363688215602,1,0,117.42561830824522,S
0,3,male,25.93559654548627,0,0,19.32410007242929,S
0,3,male,43.762165067180305,0,1,47.36924585394765,S
1,2,male,42.37702634432643,1,2,13.381754838968611,S
0,2,female,15.462307233713352,0,1,12.639932451079504,S
1,3,female,17.29486643282565,0,0,10.91613308826124,C
0,3,male,31.276181215794438,0,0,3.144088262817419,S
0,3,male,54.7289194327079,0,0,63.96800483817066,S
1,3,male,1.9243051151995836,1,0,11.274356434456644,C
0,3,male,33.73582762377231,0,0,9.764028761755707,S
0,3,female,,1,0,6.945024379369959,S
0,3,female,,0,0,16.711155778931797,S
1,3,male,24.415787938068497,2,0,98.21344097864981,S
0,3,female,23.602629020165082,0,0,132.2112425442989,S
0,2,male,21.959958874941478,1,0,4.505143805128966,S
1,3,female,29.804502375457368,3,2,14.599639018105679,S
1,2,male,21.938794283856613,0,0,7.9175198530374855,S
0,2,male,8.494367919614785,1,0,48.886631130610766,S
0,3,female,41.008109381580255,0,1,25.995779360729433,S
0,2,male,40.616646423658764,1,1,11.325848659222316,S
0,1,female,41.9260274953287,0,0,21.44123147026576,S
0,3,female,,0,1,13.070048530266998,S
1,3,male,34.03431321247019,0,1,85.86888028422669,S
0,1,male,,0,0,32.8602448376607,
0,1,female,14.747570007626017,0,0,36.70236075807431,S
1,2,male,29.83301209864087,1,0,1.8217075395140765,S
0,3,male,,0,0,18.91376925932209,S
0,3,male,56.41118454923982,0,0,130.95972892489985,S
1,1,female,57.60519253668231,1,0,66.25534646926509,S
1,3,male,5.566832296712089,1,0,3.809962599444749,C
1,1,male,65.86194158305585,1,0,15.148730765405064,S
0,2,female,16.429227043276803,0,0,6.8116370518183045,S
0,3,male,43.91976276774767,1,0,93.6899947874152,S
1,1,female,43.7722207225241,0,0,25.02437760713686,C
0,1,male,15.262491710793801,0,1,10.064194199672038,S
0,2,female,36.852383010666934,0,0,20.712598725000106,S
0,3,female,28.14076070814207,0,1,1.9220090589652357,S
1,3,male,,1,0,7.56501875856614,C
1,3,female,33.044748384519075,0,0,20.755252625973675,S
0,1,male,47.04692253786858,1,0,42.99603196741633,Q
1,1,male,,1,0,3.500190135548905,C
0,3,male,,0,2,14.252897552582379,S
0,2,female,,0,0,49.83498087569885,C
1,3,male,38.11574149044975,1,1,5.439526453359429,S
0,3,male,,1,0,24.68669788269001,S
0,1,male,20.063493252250346,0,0,21.314275357273026,S
0,3,male,14.543689669722125,0,0,93.96687140794535,C
1,1,male,,0,0,16.327934699429267,S
0,2,male,,0,0,17.21118497061588,S
1,3,male,41.09988939546726,0,0,43.35680971965241,S
1,3,male,43.85176872926375,0,0,6.087796531458658,S
0,3,male,27.450610801780194,1,1,16.464476392938536,C
1,3,male,50.44832577295311,0,0,13.327738837987116,S
0,3,female,49.54280620959438,0,0,17.72505842430574,S
0,3,male,33.229284287807815,0,0,43.101845019329886,C
1,3,male,17.782569312625917,0,2,33.07392926623163,C
1,1,male,52.54296141681533,1,0,10.238815328312347,S
0,3,male,28.81524841008808,1,0,22.715085948796283,S
0,3,male,31.529395348249132,0,0,76.81480943050575,S
0,2,female,24.775727128704755,1,0,9.504552278870026,S
1,3,male,16.798040268690634,0,0,22.88885480516022,S
0,2,male,8.404728260428268,3,0,16.880437224458085,S
0,1,male,38.876590691580674,0,0,18.97828604227869,Q
0,3,male,18.340684718499006,2,0,4.629311439997734,S
0,2,male,74.06320282045394,0,0,71.49922202567559,C
1,3,male,13.951933052119054,0,0,10.004983203269306,Q
1,3,male,11.467954112770133,0,0,50.57537375489806,S
0,3,male,37.097011376394896,1,0,11.48177565552917,S
0,2,female,51.875045445025776,0,0,11.439197252960131,S
0,2,female,30.636550025676712,0,0,59.8481742087335,C
1,3,male,37.997515092715474,0,0,49.131291986120196,S
1,3,male,2.9685624468487077,0,2,24.23503489285701,S
0,3,female,19.876082587469384,0,0,39.84653677063766,S
0,3,male,,0,1,15.491670583422795,C
0,1,female,2.221835175755725,1,0,19.9348435949829,S
0,3,male,31.39621339334636,0,0,11.07331374756422,S
1,1,female,-2.821000513351283,0,0,45.31592220876283,S
0,1,female,10.528158491731993,0,0,10.760994778022932,S
0,3,male,21.910689986805437,0,0,76.45028883392035,Q
1,1,male,17.646355378709394,0,0,15.1159314192402,Q
0,1,male,35.44792328200248,0,0,20.459712479506624,C
0,1,male,34.13091278258596,0,0,39.75975495194411,S
0,2,male,42.66008181606412,1,0,20.52159977627797,S
0,3,female,40.60956412433383,0,0,15.361778628519149,S
0,1,male,46.24178544574002,0,0,19.550070586203997,S
0,3,male,29.672183199868716,0,0,44.89994268310398,S
0,3,female,34.10027006184171,0,0,11.061083977165675,C
0,1,male,37.116948677828276,0,1,17.92841157702131,S
0,1,male,31.75402211216987,0,0,20.272353364817423,S
1,3,female,23.940682506202428,0,0,43.73403692667678,Q
0,3,male,24.87958325207333,3,1,18.359353341405207,S
0,3,male,17.845403224215502,0,1,102.25494800963357,S
0,3,male,35.81344403369253,0,0,17.446085207263913,C
1,1,female,28.336779975765243,0,0,16.217399765296868,S
1,2,male,20.083980615766908,0,0,17.21999296639698,S
0,3,male,,0,0,6.141215668709504,S
0,2,male,12.149218447149565,0,0,7.900656346973004,C
0,3,male,43.893199447939395,0,0,12.45845861735621,S
0,3,female,30.839956208210918,0,1,55.82639934032438,S
0,3,male,17.18939971618758,1,0,19.49555608603299,S
0,3,female,41.423942369229266,1,0,12.985329618425054,S
0,2,male,21.57349225798159,0,2,60.574939688128204,C
0,1,male,9.305740908322626,0,3,81.13053653037049,S
0,1,female,44.50772319367743,0,0,62.16823729011641,S
0,3,male,,0,1,9.320525418540578,S
1,1,male,23.77096319197255,0,1,12.861987319528152,S
0,1,female,30.297110295063074,1,2,102.75653612581326,S
1,1,male,,0,1,24.95379020789232,S
0,1,male,29.99054071756152,1,0,15.786192121640415,S
1,3,female,,0,0,38.34074486066237,S
1,2,male,37.586216559626614,0,1,49.72805002028254,C
1,3,male,22.667648998205003,0,0,12.009468570130716,Q
1,1,male,57.07489758717726,0,0,24.471176675663344,S
1,3,male,29.68376403103059,0,0,46.24272074598084,S
1,2,male,,1,0,7.069159347287023,S
1,2,female,34.88179209625727,0,1,20.309949958074583,S
0,3,male,57.89666798777331,0,1,7.367285436656481,S
0,3,female,,3,1,8.287741975774104,Q
0,3,male,56.24883718697019,1,0,12.100054179868172,C
1,1,male,14.913477311968778,1,0,30.85835635242292,S
0,1,male,42.92620974166329,0,0,15.031975529645301,Q
0,3,female,19.23107917381768,1,0,11.205712439635787,S
1,2,male,32.952196291545405,0,1,21.039447057612897,S
0,3,male,11.24218978327388,0,0,7.154442872944713,S
0,3,female,20.355391409200614,0,0,29.5452473297016,S
0,3,male,,1,1,55.60360769557089,C
0,3,male,42.72905156206794,1,0,18.70360644170023,S
0,3,female,,1,0,16.736900724750665,S
0,1,male,33.7138860752969,1,0,28.109182937818165,S
0,1,male,10.11888943819691,0,0,3.2361279017235267,C
0,3,male,25.18122820772906,0,0,32.561666131437256,S
0,3,male,18.881310997330473,0,0,327.56850978142296,S
1,2,male,42.310298472070116,0,0,17.985959054997245,S
0,2,female,46.78368036584918,2,0,18.043535374951603,C
1,3,male,,0,0,39.222332848367245,S
1,3,female,18.7493184184532,0,1,88.30523579496005,S
0,3,female,-10.023230273197452,2,0,48.30190785542426,C
0,2,male,4.07905247711421,1,0,2.8862376687778895,S
0,2,female,50.31359118219202,2,0,33.35003940421018,S
1,3,female,23.881803379862554,0,1,203.31106187085174,S
1,2,female,,0,0,35.170122940383436,S
1,3,male,53.518574254825396,0,0,7.105422877361664,S
0,3,male,,1,0,25.884560259593695,S
1,1,male,,2,1,6.343187953113755,S
0,1,male,25.445655179572377,0,0,60.917672432296335,S
1,1,male,27.784532414209682,1,1,8.496936364110464,S
0,3,male,32.99386057661826,0,0,21.473492579903514,Q
1,3,male,,0,0,9.281266355473663,S
1,1,female,35.825777651439786,0,0,12.282761167369095,S
0,3,male,40.227420979067546,1,1,76.51873258696344,S
0,3,male,46.65441658151748,0,0,22.04556501164961,S
0,3,male,12.739697985145924,0,1,12.142573807306677,S
1,3,male,40.64549744087362,0,0,7.165621697635182,S
0,1,male,,0,0,3.7264970445173597,S
1,1,male,,1,1,6.513307748248549,S
0,3,male,-1.1584583587942738,0,0,22.214901830178512,C
1,1,male,14.937294632979057,1,0,48.53136994520232,C
1,3,male,,1,1,12.130023457793731,C
0,1,male,31.350093697434296,0,0,82.55702285040827,S
1,1,male,32.37331725404713,0,0,10.53022422661425,S
1,1,male,57.98868049895704,2,2,16.212611862834837,S
1,2,male,11.298200584532722,0,0,7.601768759262879,C
0,1,male,29.302216364336008,0,2,48.99339833177621,Q
0,1,male,34.114315080800324,0,0,132.65603200541932,Q
0,3,female,19.024039810194132,1,0,4.113872237298179,S
0,2,female,30.110737803702644,1,1,14.70892037880354,C
0,2,female,6.5007346557769985,1,0,62.696264113379044,S
0,1,male,,0,0,5.461639561761874,C
0,2,male,,1,3,33.44878678045837,S
0,2,male,59.155302389288295,1,1,60.29957045168649,S
0,3,female,29.229122303196903,1,0,21.55064901757657,S
1,1,female,44.60677669828816,0,0,32.9580903135331,Q
1,3,female,28.92710839962826,2,1,97.98477872893837,S
0,3,female,29.254214432222316,1,0,115.99927008211786,S
0,1,male,21.231574668280885,0,0,18.996020469760406,S
1,1,female,31.427296975811025,1,0,12.439289053412617,S
0,1,female,34.31098106900369,0,0,8.775975225920059,Q
0,3,male,18.32825162072989,3,1,48.38876871182132,S
0,1,female,27.88685597003168,1,1,5.843921130490712,S
1,3,male,20.85356644217185,0,1,16.00151436875169,C
0,3,female,63.04512900941516,0,0,22.03034439866822,S
1,3,female,28.39890383628153,2,0,12.772542357899054,S
1,3,male,52.10586619960011,1,1,25.83779231445073,S
0,3,female,26.86347620328852,0,0,201.95845066430292,S
1,1,male,33.45967080225616,0,0,18.003411517504528,S
1,2,female,10.540220961143596,0,1,13.57371137956504,S
0,2,female,23.217447417915963,0,0,50.088860694575814,S
0,3,male,32.75275272644408,2,1,24.918868304125713,C
0,3,female,52.697055548918065,0,0,73.36171416020582,C
0,3,male,32.91875027630593,0,0,23.29453672690121,C
0,1,male,49.763945237298486,0,0,16.061403774524795,S
1,3,male,38.99057209794234,0,0,4.033552900990159,S
0,3,male,,0,1,4.675044940190564,Q
0,3,male,28.843887849076694,0,0,3.849222495235111,C
1,3,male,64.35822930445116,0,0,28.25880949908466,S
0,2,male,22.661755057745218,1,0,5.894239205793407,S
1,2,male,18.5863034041338,0,0,62.179143457548875,S
1,3,female,12.154233679509005,0,0,20.639813575346324,S
0,1,male,63.49985773759202,0,1,16.122757331762262,S
0,2,female,41.58198980295951,0,0,9.398315135593638,S
1,1,male,24.85524936598553,0,0,35.16435309947019,Q
1,1,male,47.81082910466567,0,1,9.737184035082072,S
1,3,male,,0,1,8.274345267140378,S
0,3,male,58.208848334946055,1,0,58.528565168783146,S
1,2,male,7.256423925271285,0,1,27.63709921808542,C
1,2,male,25.85227842944331,0,0,16.257649143987734,C
0,2,male,,0,1,35.776443937396934,S
0,3,male,1.0816011920752757,0,0,20.247648954493325,S
1,3,male,45.074744469305564,1,0,28.352404330297038,S
0,3,male,25.7792499408513,1,0,9.629553775899936,C
0,2,female,,0,1,129.45829047932548,S
1,2,male,63.916693047779376,0,1,11.9214825522427,C
0,3,female,24.577966468499678,0,3,81.48465287684168,S
0,3,female,23.59328175147125,0,0,16.945766449290414,S
0,3,female,,3,0,41.52881003498422,S
0,3,female,,1,0,38.892489076824454,S
1,3,male,21.48266113300283,2,0,56.38293713335162,S
1,2,male,20.551056841584106,2,1,9.425687392372021,S
0,2,male,45.0292444184998,1,1,52.88246773490572,C
1,2,female,35.190270195651514,2,1,105.82596083327527,S
1,1,male,0.05144018643009929,0,0,15.913635473746233,Q
0,1,male,11.93181890769793,0,1,20.722819003467478,S
1,3,female,51.46792002549455,0,2,12.539680065582436,S
0,2,male,35.52796010464278,0,1,14.705291176991471,Q
1,1,male,,1,0,93.71708585936209,C
1,3,female,27.22905997009276,1,0,8.135107267286319,S
1,3,male,29.891931755624217,0,0,8.602845841601106,
0,2,male,40.368133724062375,0,0,85.61074857870038,S
1,3,female,10.00518077454755,1,1,35.23689134296113,S
0,3,male,,0,1,135.41352221475478,S
0,3,male,33.65785844551914,0,0,13.391299780217762,S
0,3,male,28.25239858281597,1,0,22.50309878519598,S
1,1,female,37.99195814823229,1,0,11.082760031396774,S
0,3,male,,1,0,22.850455506556102,Q
1,2,female,34.87836580593415,0,1,4.068657011691164,C
1,3,female,,0,0,37.20559305764592,C
0,3,male,36.75886893366461,0,1,26.8731238866733,S
0,1,male,31.71712022654308,1,1,19.071609273988013,S
0,1,male,28.309687762793423,0,0,14.135256082082636,S
0,3,female,,0,0,8.977499679059855,S
1,3,male,,0,0,38.66526380324346,S
0,1,male,47.965734866765885,0,0,7.000762088162504,S
1,3,male,27.974086654298183,1,0,31.839457446824067,S
0,3,female,16.797842154448055,2,1,129.93135276464446,S
1,3,male,22.5624172129019,0,0,76.47541677022399,S
1,3,female,32.61232931050099,0,0,5.183004210613081,S
1,1,male,,0,0,12.390570573256568,S
1,3,female,36.73689760441554,0,0,29.350385081150417,S
1,2,male,37.28123453086094,1,0,18.854399279404085,Q
0,3,male,42.5902561158674,0,1,5.700391482063391,S
0,2,female,50.341612347842975,0,0,28.411226215131702,C
0,3,female,44.13995150339923,0,0,19.90527544616221,C
0,2,male,,1,0,112.49321039102131,S
1,1,male,,1,3,15.992089082823732,S
1,3,male,28.601313591332545,0,0,57.4665504250756,S
1,3,male,23.15795732002849,0,1,6.421299022473342,S
0,3,male,13.19426245906633,0,0,7.96288707445454,S
1,3,female,23.295468984491585,1,0,38.455270621074504,C
0,3,male,22.819562462523933,1,0,53.269168015273586,Q
0,3,female,19.958207773462515,1,1,8.485395816212497,S
1,1,male,25.121052450752416,0,1,20.52553387239463,S
1,3,male,46.7875373296158,1,0,5.7925855355795095,S
0,3,female,32.588951598113965,1,0,17.062825613276267,C
0,2,male,65.5412316028043,0,0,42.65866877360081,S
0,1,female,32.17236869728492,1,0,13.5791747501012,S
0,3,male,25.49404627790985,0,0,16.05256684217948,C
1,3,female,29.759926798495556,0,0,7.2658416591245,S
1,3,female,33.41913368743133,0,1,11.206314653147164,S
0,3,female,36.01118237898042,1,0,97.73891829305836,S
0,3,male,59.81231422495584,0,0,21.44802148257982,S
0,2,male,17.442853257825256,0,1,8.149226461219438,S
1,2,male,42.156167843577165,1,0,15.130389107352075,S
0,2,male,32.71238366540479,2,0,4.769851350274026,S
1,1,male,6.919082732726043,1,0,8.06276280108281,C
1,3,male,40.875132340374066,0,0,68.32705205792838,S
0,3,male,,0,0,17.668189478262466,Q
0,2,male,17.270942145227266,2,1,110.12952339299783,S
1,2,male,29.570458915566423,1,0,18.43381860631529,C
0,3,male,4.682363200888297,2,0,19.445567915461968,S
0,1,male,11.44730633457712,0,0,35.759098586962985,C
1,3,male,,0,0,1.8124348748837573,S
1,3,male,22.936960662892197,1,0,24.15388873328608,S
1,3,male,13.62235686339843,1,0,19.219245768240782,S
0,1,male,33.02717528464723,0,0,76.51103694092616,S
0,3,female,22.125019744250164,1,0,47.856715589402086,Q
0,2,male,22.873085962254727,1,1,7.240407454123202,Q
0,3,male,40.42022737228609,1,0,61.43162432828627,C
0,1,female,12.854866295451973,2,2,15.86185114084052,S
0,3,male,,0,1,8.899473309984659,C
0,3,female,31.934159886158596,0,0,23.984143530850858,C
0,1,female,43.75644196584898,0,1,16.73508777930946,S
0,1,male,,1,0,80.2076408377638,S
0,1,male,20.056605054756467,0,0,27.29107772853717,S
1,2,female,43.2919660203349,0,0,24.16953676420145,S
0,1,female,,0,0,45.176740991835246,S
0,3,male,,1,1,53.70920791042251,C
0,2,male,13.260320131413938,2,0,40.65999091929621,S
0,3,male,48.962942756480096,0,0,72.06129854828566,S
0,3,male,20.180951451128504,0,0,34.737304656086444,S
0,1,female,58.892073594521705,0,0,23.35675692960664,C
0,3,male,38.27415056836102,0,1,61.267826739053646,Q
0,3,female,14.96776032358078,1,0,18.507822377379846,C
0,3,female,,0,0,20.69561546830091,S
0,2,male,41.02712747574425,1,0,94.57746418827904,S
0,2,male,,1,0,86.46430892103105,S
1,1,female,28.67462391999529,1,0,19.9382854178724,S
1,3,female,30.347545073970263,2,0,13.353834611590855,S
1,3,female,40.69611897333895,1,0,74.95261772235874,S
0,3,male,31.61107719165689,1,1,41.27993399128468,S
1,1,male,,0,0,26.6829058164719,S
0,3,male,17.91187664271738,0,0,15.034003879881599,C
0,2,female,33.109239175699145,0,0,27.07272925963802,S
1,3,male,,2,1,19.696922122500254,S
0,1,male,53.13174515034969,0,0,11.046301194342332,S
0,3,male,41.00317660118603,1,0,22.559090153213216,S
1,3,male,33.865716035027276,0,1,25.50518184366605,S
1,1,female,40.55780134674592,1,0,14.326979524733828,S
1,1,male,20.032112672000594,0,0,45.30616517235006,S
0,3,male,27.478151076255894,0,0,64.06826484316983,S
0,1,female,17.75010454057759,0,1,48.08200180741656,S
1,3,female,11.593232144738181,1,0,15.66417806183359,C
0,3,male,34.53646066872497,0,0,39.6558847222084,C
1,3,male,32.38994294547878,0,1,21.54546293476657,S
0,2,female,39.670961025380684,0,0,6.605011105103859,S
0,2,female,37.618621547940485,2,1,36.79847634495289,S
0,1,male,33.218341934196,1,1,22.908739535544353,S
1,3,male,37.77094165232454,1,1,207.3054276868539,S
0,2,male,29.08109510470159,0,0,74.55549720208141,S
0,1,male,35.68692523072481,1,1,38.09317534333646,S
0,2,female,19.170906161047785,2,1,25.13480279193622,Q
0,3,male,35.06073592176739,0,0,23.274306564036003,S
0,1,male,39.39205643664714,0,0,8.139099413489085,C
1,3,female,,1,0,4.199273337838089,S
0,3,female,,0,0,9.158631810157955,S
1,3,female,,2,1,19.24121674546228,Q
1,3,male,,0,0,3.0192686995972995,S
0,3,male,13.388524351018756,0,0,12.306288439237711,S
0,3,male,48.05373641491505,0,0,16.07311933605509,Q
0,1,male,45.152435033440696,0,1,16.5455321038553,S
0,3,male,37.49279088629639,0,0,11.072325109200326,S
0,3,male,58.2968413031853,0,0,14.770582990989077,S
1,3,male,26.95593739975832,0,0,94.77488474505292,S
1,3,female,73.6605550191042,0,0,36.449609800715194,S
1,3,female,26.400823477233303,0,2,12.130577132876377,S
0,3,male,,0,0,18.88724809673848,C
1,3,male,23.93222024786698,0,0,19.580183285529312,S
1,3,male,35.098720620874424,1,0,10.06274620108427,S
0,2,male,41.816416454350545,1,0,10.05211242570671,S
1,2,male,,0,1,49.87259324438698,S
0,2,male,55.4624377832055,0,1,13.76589367538778,Q
0,1,female,33.16766462718518,0,0,7.499026796621747,S
0,1,male,33.62203809859788,0,0,19.320634895638232,S
0,3,female,16.519533429551096,2,0,22.336202169327798,C
0,2,male,35.76823658098058,0,0,3.4026896697620246,C
1,3,male,,1,1,19.36230777434374,Q
1,3,male,20.880523924609342,0,0,43.867860325189085,S
0,1,male,18.44112108184872,1,0,30.1476340353003,S
1,1,male,68.44056900647193,1,0,149.42813929759498,S
1,1,female,,0,0,61.9296172199653,S
0,3,male,8.573711398671616,0,0,73.99818917345469,C
0,1,male,19.575788833877695,1,0,249.65434529000285,S
0,3,male,28.952266327594902,2,0,39.73930052149155,S
0,3,male,37.62667197293903,0,1,23.260652220681816,C
1,3,male,37.744549565017046,0,0,48.248573572714925,Q
0,1,male,39.51091100075962,0,0,12.142202690966492,S
0,1,female,,1,0,22.129635598968257,Q
0,1,male,34.63638643077241,0,0,11.212678211148841,S
0,1,male,16.997137770396613,1,0,28.737017550775477,S
1,1,female,20.71517674629683,0,0,11.170560834099733,S
0,3,female,16.39321986974624,0,0,10.823983322999439,Q
0,3,male,12.468361608325093,1,0,29.1404127135555,C
0,3,male,45.131037588441124,0,0,17.7442177679384,S
0,3,male,,1,1,3.5439112065896174,S
0,1,male,43.86164786468288,0,0,5.419474043613234,S
0,3,male,30.270039457352297,0,0,7.152487209500058,S
0,3,female,40.96371163354463,0,1,9.073202459992876,C
0,3,male,4.161303632683097,0,0,29.165339375398222,S
1,3,female,42.21476901165765,0,0,24.46014265371519,C
1,2,male,,1,0,52.39187041449615,S
1,1,female,,0,0,39.54825771983909,S
1,1,female,35.21033783620489,0,0,52.705122953384226,S
1,2,male,15.387700259215142,0,0,34.72835750284333,Q
0,3,male,7.978423256829824,0,0,24.257149002943223,S
0,2,male,19.37521459034703,0,1,54.02336121245832,S
0,3,female,37.891300578457226,0,0,45.94621680572301,S
0,3,male,39.70632552004324,0,0,28.176430505653492,C
1,1,male,,2,0,63.052309019229206,C
0,2,male,15.474059171710888,0,0,2.4321863412462523,C
1,3,female,,0,2,15.465057794924926,S
1,3,male,24.519076626131174,1,1,15.253188770704387,C
0,2,male,9.950262952636542,0,0,56.679613155271845,S
1,1,female,9.080249390968078,0,0,82.62030695758827,S
0,3,male,,0,0,5.445766766751808,S
1,1,female,,0,0,71.52524445843218,S
0,3,male,12.581382073574385,2,1,6.998524440188938,Q
0,1,male,,0,1,7.191546787572624,Q
0,1,female,45.04901583405632,0,1,16.267070796107262,S
0,3,female,10.824193807504102,0,1,15.083692224445935,S
0,3,female,,0,0,4.940292046883992,C
1,3,male,44.5589726393862,0,0,36.04939841748479,Q
1,2,male,23.635108339724766,2,1,37.02014345679798,C
0,3,male,21.381789482552925,1,0,51.864649791250436,S
0,3,male,46.57068930744387,0,1,13.597557801530861,S
0,3,male,25.260069854912555,0,1,19.38259612607671,C
0,2,male,45.71517786548073,0,0,19.54296844862747,C
1,1,male,,0,0,91.76178240947726,C
0,3,male,,1,0,1.5670262196648532,S
0,1,male,36.65551269366419,0,0,8.488820698542698,S
0,3,male,,0,0,20.185948802231373,S
0,1,female,44.502800904535874,1,0,7.560873974301656,C
0,3,male,21.74898970095723,0,2,15.918973161909829,S
1,3,male,,0,0,17.9310171914774,S
1,3,female,,2,0,11.112632253391556,C
1,3,female,,1,1,21.28541366122816,C
1,1,male,14.834901680559451,1,0,35.351271125407756,S
0,3,male,44.44616719944891,0,0,16.2380978347618,C
1,3,male,36.46176719647104,1,2,13.358124004555233,S
1,3,male,,0,1,17.301817867187793,S
1,2,female,47.219810969467254,2,0,19.951559047342627,S
1,3,female,62.0943496715671,1,1,4.194240988792098,S
1,3,male,44.226592558466415,0,0,30.429073793554217,Q
1,3,female,50.39127912478381,1,2,13.384521046764103,C
0,2,male,30.937885033237528,1,0,62.51343960650148,S
1,3,male,5.608178663791602,0,1,34.19051026996745,C
0,3,female,2.9602534580708877,0,1,57.573348662767756,S
0,3,male,33.398689636082494,0,0,8.085696088857068,S
1,2,male,21.11630728791529,2,0,14.37875863736421,C
1,2,male,16.438643964253405,0,2,6.565228817435427,S
1,3,female,28.790173082454206,0,0,10.647529697498738,S
0,3,male,38.62598667398868,0,1,61.98515259285391,S
1,3,male,8.635015571948866,0,0,76.6110651623169,S
1,3,male,23.19127450593442,2,2,7.146909565565577,Q
0,1,male,51.593124905244565,0,0,13.297154946055196,S
0,3,male,14.108318486790067,1,0,18.754315673379434,S
0,1,female,42.31153721389187,0,1,34.023282770666,S
1,1,female,22.67140395753959,0,0,4.1213087175705665,Q
0,3,female,37.614009517824314,0,1,4.745989409838832,S
1,3,female,45.61124885444157,0,1,31.207658501487884,S
0,3,male,40.44858562128281,1,1,3.475941188561361,S
1,2,male,42.88281423210121,0,0,13.435256508944278,S
0,1,male,,0,1,23.240178849203463,S
1,3,male,45.848065747748834,1,1,29.197975449222902,S
0,1,female,,0,2,17.680347535658342,S
0,1,female,33.46335560078731,0,0,14.45179969048026,S
1,2,female,33.44456971145979,0,0,42.95331266000398,C
1,3,male,36.734277103608925,0,3,25.963334565694254,S
1,3,male,34.58587180287276,1,0,11.21985571340106,S
0,3,male,17.464755311391514,0,1,20.779160948446155,S
0,3,male,10.126922521712114,0,0,28.35638202588548,S
0,1,male,42.34905585944564,2,0,94.29361871490288,C
0,2,male,32.394601374024276,0,0,40.75959619707811,C
1,3,male,46.36596419388836,1,0,59.92544284966956,C
1,1,female,29.051372454275914,0,0,11.59360140991763,S
1,2,male,9.325116770184074,0,0,12.531373557025553,S
1,2,male,43.70888037455954,1,0,16.251057871936272,S
1,1,female,,1,1,17.650861952554422,Q
1,3,male,34.659050132604804,0,1,8.107402538528946,S
0,3,female,20.31183828704697,0,0,62.76140182529402,Q
0,1,female,53.54237479838851,1,0,44.47896914527083,S
1,3,male,16.989810049343646,0,0,15.254734666905982,S
1,3,female,24.80726856546047,0,0,35.785385511087,C
0,3,male,31.258006189111086,0,1,24.547481114195342,S
0,3,female,13.863356257239106,0,1,38.39184943770902,S
1,2,female,,1,0,5.99019274153133,S
0,3,female,53.07270192327861,0,0,17.617716835820225,Q
0,2,male,,0,0,19.063305798763892,S
1,2,male,35.42957087596002,1,1,35.2081605538349,Q
1,1,female,,1,1,11.409041543916597,S
0,3,female,29.13552659296981,0,2,2.1171320121343284,S
1,2,male,25.16088685407002,1,1,7.587257945157961,S
0,2,female,,1,1,19.011742467253544,S
1,3,male,45.38103180961372,1,1,21.274215573162095,Q
0,2,female,24.96946661645449,1,0,91.41168458269301,Q
0,2,female,27.12657643714298,2,1,33.935843853016685,Q
0,1,male,24.23070331555847,0,0,21.61477808401392,Q
0,2,male,,1,0,19.508452845413878,S
1,2,male,,1,1,54.25879200797935,S
0,2,male,43.63585554874314,0,0,11.809456313762078,C
0,1,male,-0.8942843797595934,0,1,17.703185427332638,S
0,3,male,18.588427430572267,0,0,7.535820303219132,C
1,3,male,23.904059183798424,0,0,72.02515577981293,S
1,3,male,54.9825170757277,1,0,28.595490864100725,S
1,3,male,40.84475459969735,0,1,10.625205264083633,S
0,3,female,21.621027357730057,1,0,18.11953233062353,S
0,3,female,,1,1,31.775186513764428,S
0,3,male,,0,1,16.02825301641562,S
0,3,female,44.33194715414308,0,1,12.415881763215943,S
1,3,male,9.996279934116274,1,0,11.1468136148744,S
1,3,male,,2,0,27.250332130685226,S
0,3,male,23.811062140670707,1,1,14.552330443212623,S
0,1,male,14.786688506351588,1,1,13.35135714810656,S
1,1,male,,1,0,6.03481029819193,C
0,3,male,33.72149060594312,0,0,21.53924282083795,S
0,3,female,22.526147757377174,1,0,17.062770138063076,S
0,2,female,37.73232583693219,0,1,15.037039933543994,S
0,3,male,21.24658868687102,1,1,24.020163170528193,S
0,3,male,38.695399712004686,0,0,39.37779333466508,S
0,3,male,36.11221989953069,0,0,37.765988586626904,S
0,1,female,28.816615706734943,0,1,33.031301784428535,S
1,1,female,23.299956470693726,1,0,16.17386631523245,S
0,3,male,31.897341538596358,2,1,12.057676338511936,S
0,3,male,,0,0,7.849704775023183,S
1,3,male,59.596087714608316,1,0,11.777125620468146,S
1,3,male,43.32159611607362,0,0,20.44391096078578,S
0,3,female,43.851854272329696,2,0,9.898096743357224,S
0,2,female,74.48342682547411,1,0,21.899228879169314,C
1,2,male,37.181397913133736,0,1,8.424035507636217,S
0,2,male,36.72733091401968,0,0,4.504636951423822,S
0,3,male,,0,0,41.991428275602765,S
1,3,male,,0,0,13.105432831163931,S
0,2,male,23.263426271928033,0,0,9.456191499506115,S
1,3,male,22.360545632961156,0,0,7.504760652457021,C
0,2,female,39.09040266968364,0,0,29.392289476902185,C
1,1,male,27.174468847792618,2,0,69.22879856747561,S
0,1,male,31.70423966937739,0,2,13.974490006400861,S
0,1,male,,1,0,16.543494828031257,C
0,3,male,42.215685711210014,0,2,52.692264226413414,S
0,2,female,27.355045455901916,0,0,3.9377081493342487,S
1,3,male,,0,0,117.9406791062592,C
0,3,female,46.16148360897124,0,0,181.216105497161,S
0,1,female,,0,1,1.7582099603841492,S
1,1,male,6.409276134716958,0,0,18.398094398907475,S
1,3,male,,0,0,10.51652333597531,S
0,2,female,,1,0,15.826811087437555,S
0,3,male,40.99303089825496,0,0,13.783241047941495,S
1,1,male,42.89647167662668,1,0,41.7034220351759,S
1,3,female,33.816637017044364,0,0,18.150299895253344,S
1,3,female,,0,1,8.847929768748383,S
1,1,male,30.629983634483228,0,0,17.20213243363492,C
1,2,male,,0,1,31.92233154379892,S
0,3,male,25.911666329901816,0,0,6.921626635992161,C
0,2,female,29.97537220628157,0,0,4.564868374140259,S
0,2,male,29.197150874730447,2,0,120.71936094528523,S
1,2,male,2.3591928855696764,0,0,11.266300218000904,S
1,2,female,23.936491643523247,0,0,17.749943126446453,S
0,3,female,30.5149819697927,2,0,14.041035293845672,S
0,3,female,25.620135117367333,0,0,32.8936270945082,C
0,2,male,26.121054965082006,0,0,99.03872455580623,Q
1,3,male,36.775874876666514,2,0,33.85004936004072,C
0,1,female,14.055120787794808,0,0,5.121622929354894,S
0,1,female,6.093387897707437,0,1,5.7793366848505245,S
0,3,male,24.651538032868213,2,0,14.026265824548114,S
0,3,male,40.77965887977595,0,0,15.777582768095442,S
0,1,male,54.169519072556255,0,2,4.264154233991163,C
0,1,male,41.04085946687373,0,0,41.98896426479701,C
0,3,male,8.410175481901714,1,0,7.555769910211856,S
0,3,male,,1,0,77.01278183334216,C
0,1,male,33.42119852568218,0,1,103.39631648309106,C
0,2,female,,0,1,16.063856663522827,S
0,3,male,,0,0,29.816900880179197,C
1,2,male,16.402790276318967,0,1,6.627631497155402,S
0,1,male,30.641674769485768,1,1,35.20924512907995,S
0,1,male,35.79468103175387,0,1,12.827955577715532,S
0,2,male,41.672228822903065,0,0,7.549551900485177,S
0,3,male,18.017086584114516,0,1,15.48076848359268,S
0,3,male,24.695225424977977,2,0,13.208053965585762,Q
0,3,male,-9.50535636106343,1,1,14.989598650852953,S
1,3,female,20.68880147012227,1,1,47.21501292839847,S
0,3,male,22.095984051919874,0,0,9.906817600305358,S
0,2,female,14.916024631572075,0,0,95.7289441841658,S
0,2,female,,2,0,6.094863275591996,C
0,3,female,28.88879123534361,0,1,85.96044476561984,S
0,2,male,-3.058601224875364,2,0,8.045721345747204,Q
1,3,male,32.824865554875466,1,0,20.067229084427055,S
1,3,male,16.239300103559103,0,0,12.920607248008086,S
0,1,female,,0,0,14.741169058876618,S
0,3,male,11.11315690793435,2,1,41.31482988859946,S
0,1,female,30.135094808698632,0,1,77.46638633051263,Q
0,1,male,25.594131731145662,0,0,58.64323566160787,S
1,3,female,34.09497733177979,0,0,13.952089763629909,S
0,2,male,31.508110525944527,0,1,23.70840674359159,S
0,3,male,26.00011946218891,0,0,9.935656106160412,C
1,3,male,,0,0,8.228508069113587,S
0,3,male,,0,1,7.158705616734236,S
0,2,male,21.233639383162824,0,1,13.54725608292855,C
1,2,male,29.579941683020987,1,1,25.144647929454777,S
0,2,male,20.880404765612802,1,0,3.594361459072307,S
0,1,male,,0,0,19.264839900793636,S
0,3,male,25.651296671430586,0,0,78.6040018369009,S
1,2,female,,0,0,55.131429515458386,Q
0,1,male,,0,0,11.861932596861188,S
0,3,male,,0,0,5.7134005062107525,C
0,2,male,,0,0,30.38190727527624,S
0,1,male,56.936497413900376,0,1,2.495064485629703,S
1,1,male,20.000814569950418,0,0,54.55114512645546,S
0,3,male,28.634559406939193,0,0,16.572940714568453,S
0,3,female,,1,1,104.3938001887209,S
0,1,male,29.360367091588177,0,0,4.244954337705449,S
1,3,female,22.44103688316453,1,0,45.893872099073825,S
0,3,male,,1,0,18.3483939382163,C
1,3,male,22.292898893731273,0,0,14.910333881854621,S
0,1,male,,1,0,5.854091867773346,C
0,1,male,4.664203123705214,0,0,34.335270353752406,S
1,3,male,18.162656795776495,2,0,36.91151811210484,S
1,2,female,14.51717004888641,0,0,100.14458800593029,S
0,3,female,,0,0,49.76168132643027,C
1,3,male,38.41583164250726,1,0,11.769297147984709,S
0,1,male,16.593750301077314,0,0,8.137830936146786,S
0,3,male,25.926684856834743,1,0,5.861219629473706,S
1,3,male,2.755481399368236,0,0,75.63369697608528,S
0,3,male,22.532070722350934,0,0,9.970623744467028,C
1,2,female,35.48523756018401,0,0,76.11207172678391,S
0,3,female,41.66159939940449,1,0,32.219273738036314,Q
1,3,male,19.36081731547595,0,0,27.02906026827786,S
0,3,male,44.95189547764903,0,0,15.238399403041473,S
0,3,female,7.722467138054661,0,0,36.4013412576702,S
0,3,female,11.609396912415008,0,1,19.807810179749996,S
0,2,male,39.9900970517492,0,1,14.40691122576198,S
0,1,male,,1,0,37.577456446129595,S
0,1,female,36.85476382866358,0,1,17.644517320105788,S
0,3,female,29.115035395256818,1,0,9.791343697186047,S
0,3,male,-2.130164324572025,1,0,34.461546145123144,S
0,3,female,0.3745176873695506,0,2,18.96154365535264,Q
1,2,male,31.5764382849901,1,1,31.187551056171355,S
1,3,female,24.50809129121797,0,0,13.350130064810484,S
1,3,male,13.665389858794288,0,0,6.765193239331934,S
0,2,male,30.650222422035736,1,0,95.7333350332595,S
1,3,male,31.36940482886324,0,0,80.79784300493304,S
0,3,male,,1,1,44.49631893263737,Q
0,3,male,31.68073310368416,0,0,14.167780152353112,S
0,1,male,47.511718340848574,0,0,15.328499745804395,C
1,3,male,29.815913428457794,0,0,69.69263892149408,S
0,3,male,28.027642575293626,0,0,14.607761049209081,C
0,3,female,45.132526700584144,0,1,11.366831162461267,S
1,3,female,15.5126072393992,0,0,108.31148626440473,Q
0,3,female,,0,1,19.24189795241024,S
0,2,male,35.14123343341767,0,1,98.65045016009907,S
1,3,male,,1,0,5.7055950457858176,S
0,3,female,,2,0,32.02018209625599,S
0,3,male,56.91847889230881,2,2,129.53800840778513,S
1,1,male,,1,0,20.630605357236973,S
1,2,female,,1,0,15.837744078530239,S
0,3,female,50.05032057912881,0,0,7.021825831387417,C
1,2,male,24.756999598047248,0,0,53.20267882810987,S
0,3,female,31.25374855617019,1,0,10.04308889311732,C
0,2,male,,0,0,18.44276765375253,S
0,3,female,37.32992926279648,0,0,6.612408424136376,S
0,3,male,20.255072794020492,0,1,81.54908754384013,S
1,2,male,,2,1,56.79207433600781,S
1,3,male,,0,1,19.522618680634732,S
0,2,male,,0,0,7.108320206117106,S
0,3,female,58.442774352111044,0,0,80.02318012915033,S
0,3,male,30.37444096811375,2,0,14.449523607235495,S
1,3,female,30.627676814848392,1,0,7.428438263248182,S
0,1,female,24.28507698793203,0,1,4.112757749486585,S
0,1,male,45.7370912267904,0,3,11.23047854907919,C
0,3,female,24.93066188016603,1,2,5.423957362564407,S
0,3,male,23.59060951763736,1,0,11.466861273913574,S
1,3,male,43.88959652314198,0,0,39.25064433719515,S
1,1,male,,0,1,14.326913802022185,C
0,2,female,29.152552000496307,0,0,27.6637818691523,S
1,3,female,6.770993668090604,0,0,10.475076893201194,S
1,1,female,39.91076000428592,0,0,21.298830385478542,C
0,2,female,57.842570618137096,1,0,113.16090454174419,C
0,3,female,40.157767905596984,1,3,14.678187228667696,S
0,1,male,,0,0,28.38856700472085,S
1,3,female,17.431519025428702,0,0,4.908780279071392,S
0,2,male,33.12670208940891,0,0,78.89323716516407,S
0,3,male,16.02418109664385,0,0,13.072542444770084,C
0,3,male,26.397399589070528,2,2,51.70116343894648,S
1,3,male,40.89706642161132,0,0,17.977801266277787,S
0,1,male,31.17639888999783,1,0,34.82799190431442,S
1,3,male,,0,0,36.74165718415844,S
0,3,male,10.632077969702575,1,0,13.3671966493882,S
1,2,male,9.673122993383778,0,0,53.66257290779958,S
0,1,female,36.82606255412406,0,0,10.144316748417001,S
0,1,male,59.62647076702169,0,0,40.45299966156351,S
1,3,male,,1,1,14.137279369180556,S
1,3,male,,0,0,27.511446481705345,S
0,3,male,50.30560110201186,0,0,13.252766165900601,S
0,3,male,43.277806046712385,0,0,21.00957691284336,S
1,3,female,,0,0,7.6352498961645265,C
1,3,male,25.303576557697784,0,2,25.098329401660695,Q
0,2,female,45.585074966689234,1,0,20.900415757236026,Q
0,3,female,37.681285908554386,1,0,12.3525411289155,S
1,1,male,10.718121740374208,1,0,19.115027967183792,S
1,3,female,38.555761259044814,0,0,22.66006283516264,S
1,3,male,-1.2937586431685233,0,1,11.533763057951337,S
0,2,female,,1,0,17.8877707644343,S
0,3,female,46.20037315630071,1,0,8.125467403896078,S
1,1,female,29.96671612578414,0,0,165.86260004868024,S
1,3,female,22.465405525551784,0,1,52.10218019241637,S
1,3,female,42.595520679699064,1,0,25.68185458017821,S
0,3,female,43.83390131875543,1,0,57.67948905853755,S
0,2,male,48.69557554657078,0,1,3.382695141789271,S
1,1,female,42.37796521247262,0,0,2.009906565067335,Q
0,1,female,45.379934512088624,0,0,14.022147507172267,S
1,1,male,40.32717408284425,0,0,5.808325217817319,S
0,1,female,33.55016541218884,1,1,16.23314318653183,S
1,1,male,30.997880496575302,0,0,24.169487162030578,S
1,3,male,26.25973407308767,1,0,45.9876576488995,S
0,1,male,12.120659750633976,0,0,7.210673898679552,S
0,1,male,15.847983122112772,0,0,28.779623447385177,Q
0,3,female,25.610790011939457,0,1,20.34735084559792,S
0,3,male,33.201056314235224,1,0,27.46076830310263,S
0,3,male,,0,0,12.581220231738317,S
0,3,male,29.093940195805068,0,1,69.74331863094213,Q
1,3,male,,1,0,18.298923196837155,S
0,3,female,45.35007701826575,0,0,99.16290483423856,Q
0,3,female,26.34402143351253,2,0,9.861617597358734,S
0,3,male,38.323008064867665,1,1,39.19482042143686,S
0,2,male,26.16884339498951,1,0,19.03536124320611,C
0,2,male,,0,0,14.954792619226598,S
0,3,male,38.919728404856016,0,0,35.484067978979944,S
1,1,male,12.437985557018848,0,0,15.344296918299436,Q
0,3,male,,1,0,1.8298448769352942,S
