"Survived","Pclass","Sex","Age","SibSp","Parch","Fare","Embarked","Age_norm","Fare_norm","Sex_encoded","Embarked_encoded"
1,"3","male",2.77624917186759,0,0,40.5480219375565,"Q",0.168857614627581,0.120112418124029,1,3
0,"2","male",19.8547999418963,1,0,5.45470176443741,"S",0.366811402381933,0.012530632380838,1,4
1,"1","male",29.5902741988483,1,2,61.4039113939637,"S",0.479653178636781,0.184048056584978,1,4
1,"3","female",29.9829564619215,1,0,13.8970241050121,"S",0.484204673807888,0.0384113444006245,0,4
0,"3","male",18.5171625895977,0,0,5.6835633724729,"S",0.351307137172622,0.0132322285922838,1,4
1,"2","female",53.7319537433712,4,1,84.3895130573284,"S",0.759474164207562,0.254512522789022,0,4
1,"1","female",19.7739376493929,0,0,18.9043416472748,"S",0.365874145040658,0.0537617347405063,0,4
1,"1","male",19.795168877015,0,1,111.817980302961,"S",0.366120231607549,0.338597000174664,1,4
0,"3","female",51.9916845025181,0,0,60.2932716581327,"C",0.73930307987037,0.180643288797017,0,2
0,"3","male",29.9829564619215,0,0,9.79300999820323,"S",0.484204673807888,0.0258301134385014,1,4
0,"2","male",21.6956414293321,1,0,18.6064664547422,"S",0.38814819787472,0.0528485710676715,1,4
1,"1","female",29.9829564619215,0,0,22.3971595652375,"S",0.484204673807888,0.0644692878314238,0,4
1,"3","female",49.3195668743599,0,0,79.334483277099,"S",0.708331142441852,0.239015866215653,0,4
1,"3","male",50.9599408845724,0,1,29.7778831572248,"S",0.727344362768791,0.0870955716992898,1,4
0,"3","male",17.8564989005813,0,1,23.5391115501876,"S",0.343649527259838,0.0679700461856597,1,4
0,"3","male",29.0847097538529,1,0,16.7786689050041,"S",0.473793290512292,0.0472452903462175,1,4
0,"1","male",31.0072740011798,1,1,19.1920986892301,"C",0.496077316837719,0.0546438802964415,1,2
0,"2","male",15.3995183975093,1,0,64.9834665720471,"C",0.31517119771239,0.195021510687491,1,2
1,"2","male",28.8925667365751,0,0,20.1526302972586,"Q",0.471566202361028,0.0575884778764002,1,3
1,"3","male",29.7771814765497,0,0,14.0764396900437,"S",0.481819580463144,0.0389613593018262,1,4
1,"3","male",46.2330374445827,0,1,12.0847406199177,"S",0.672555847461208,0.0328556234646303,1,4
0,"3","female",47.2076629105124,2,0,12.20214018736,"S",0.683852520417863,0.0332155225864179,0,4
1,"3","female",24.9264637237944,0,0,5.68660610493364,"S",0.425595960238279,0.0132415563672008,0,4
1,"3","female",26.5976794140182,1,0,10.2232263267553,"Q",0.444966659806937,0.0271489809794804,0,3
1,"3","male",39.3322383798067,0,1,77.3683860418003,"Q",0.592570178196966,0.232988615146939,1,3
0,"1","male",21.2147674905583,2,1,16.6775026665277,"S",0.382574492067101,0.0469351559805169,1,4
0,"1","male",38.2352822001923,0,1,37.8628530826021,"S",0.579855596399061,0.111880787175092,1,4
0,"2","male",29.9829564619215,0,0,2.15786462654727,"S",0.484204673807888,0.00242387631304442,1,4
0,"3","male",15.64372062279,1,0,33.4978138358182,"S",0.318001692882811,0.0984993597498288,1,4
1,"1","male",15.8258676632451,0,0,17.3706598261347,"Q",0.320112919828929,0.0490600927110211,1,3
1,"3","female",50.682351092451,0,1,13.0228301084284,"S",0.724126879533105,0.0357314226726572,0,4
1,"3","male",27.4318885524222,0,0,23.6381979711821,"S",0.454635797484366,0.0682738046804643,1,4
0,"3","female",53.4851343615255,1,1,12.8553140624301,"S",0.756613334141507,0.0352178868977512,0,4
0,"1","male",29.9829564619215,1,0,2.96985334290008,"S",0.484204673807888,0.00491310205964306,1,4
0,"2","female",33.9224754164067,0,1,46.0636044586485,"S",0.529866785861268,0.137020941287578,0,4
0,"1","male",29.9829564619215,0,1,24.9959998286909,"C",0.484204673807888,0.0724362705798325,1,2
0,"3","male",29.9829564619215,1,1,15.1416888509327,"S",0.484204673807888,0.0422269781268485,1,4
0,"3","male",2.18168975145324,0,1,8.41851262792017,"S",0.161966204993305,0.021616465916269,1,4
0,"3","female",48.3555569036649,1,1,5.3501694617706,"S",0.69715751139425,0.0122101790372026,0,4
1,"2","male",29.9829564619215,0,1,24.5694410346363,"S",0.484204673807888,0.0711286155456985,1,4
0,"2","male",29.3997577204596,0,0,85.8066804514831,"S",0.477444943345947,0.258856979175824,1,4
1,"2","male",21.204185948452,1,1,24.1153804302925,"S",0.382451843701415,0.0697366511943644,1,4
1,"3","female",33.5883603238521,0,0,5.7864244068756,"S",0.525994130095116,0.0135475585100529,0,4
0,"3","male",15.9172249958067,0,1,24.5965220862221,"S",0.321171822909362,0.0712116349885735,1,4
1,"1","male",27.0908687256921,0,0,19.1440379697088,"C",0.450683110437932,0.0544965457608462,1,2
1,"3","male",36.2223222350697,0,0,43.7127256041742,"S",0.556523812861949,0.129814106938972,1,4
0,"1","female",29.9829564619215,0,0,34.6764180100539,"Q",0.484204673807888,0.102112478745785,0,3
0,"3","male",19.5487815701346,0,0,1.36719298147197,"S",0.363264409628956,0,1,4
1,"1","male",29.9829564619215,0,0,32.8094959442554,"S",0.484204673807888,0.0963892582385434,1,4
0,"2","female",8.98217620371896,1,0,8.14063780564163,"S",0.240789172464326,0.0207646152094585,0,4
0,"3","male",23.5728657494182,0,0,5.58700928682616,"S",0.40990669891087,0.0129362332033199,1,4
0,"1","male",31.4225498285921,2,0,16.9517984367953,"S",0.500890689125919,0.04777603477573,1,4
1,"2","male",29.9829564619215,0,0,29.0748633397465,"S",0.484204673807888,0.0849404000881664,1,4
1,"2","male",25.76504085249,0,0,4.58751668642471,"C",0.435315726346348,0.00987219713440847,1,2
1,"2","male",29.4114257718545,0,0,37.868467562307,"S",0.477580185205777,0.111897998876627,1,4
1,"3","male",29.9829564619215,0,0,39.9250905770465,"S",0.484204673807888,0.118202765009747,1,4
0,"3","female",39.7204072050697,0,1,20.9529317449296,"Q",0.597069359086706,0.0600418752308989,0,3
0,"3","female",29.9829564619215,0,0,9.19940430770021,"S",0.484204673807888,0.0240103608503564,0,4
0,"2","male",29.9829564619215,0,0,8.31914758808826,"Q",0.484204673807888,0.0213118532899109,1,3
0,"3","male",36.7353743564268,1,0,50.5690090061241,"C",0.562470489023503,0.150832671392391,1,2
1,"2","male",26.2255512461976,0,2,5.15465186720571,"C",0.440653402707895,0.0116108019516564,1,2
0,"2","female",34.9995665030583,2,0,52.3537419767062,"C",0.542351115663614,0.15630393370393,0,2
0,"1","male",52.4038032024472,0,0,17.3106298807205,"S",0.744079858576824,0.0488760654176823,1,4
1,"3","male",37.0755633737624,0,0,18.4257464532532,"S",0.566413546337957,0.0522945573584019,1,4
1,"3","male",3.98548918725963,0,0,4.31769228021208,"C",0.182873654078134,0.00904502571505425,1,2
0,"3","male",36.2829366559809,1,0,17.6009879305133,"C",0.557226381503368,0.0497661846012628,1,2
0,"3","male",29.9829564619215,0,0,34.8909318968362,"S",0.484204673807888,0.102770090704212,1,4
0,"3","female",26.4868555350275,0,0,6.03291868460422,"S",0.443682124197608,0.0143032092846934,0,4
0,"3","male",44.1367046887086,0,1,31.4617423941738,"S",0.648257707940668,0.0922575963455042,1,4
0,"3","female",19.6933246532968,0,0,21.7608183289838,"S",0.364939777240115,0.0625185255153908,0,4
0,"2","male",8.15968218692703,0,1,11.2528333193573,"S",0.231255822227432,0.03030533547462,1,4
0,"1","female",31.7469507730733,1,0,43.3456251053599,"C",0.504650750302997,0.128688726752235,0,2
1,"1","female",29.9829564619215,0,0,2.76756786634897,"C",0.484204673807888,0.00429297741227638,0,2
0,"3","female",26.2233203130429,0,0,27.4402983021812,"S",0.440627544444267,0.0799294913229889,0,4
0,"3","male",48.3592128083598,1,0,86.2708393402239,"S",0.697199886194769,0.260279900742463,1,4
0,"3","male",2.00843786667893,0,0,73.4018269171827,"S",0.159958079872593,0.220828765016566,1,4
0,"1","male",11.1472964592485,1,0,28.5262880108879,"S",0.265884613014111,0.0832586921961194,1,4
1,"3","male",14.7355324451571,0,0,15.3097105183884,"S",0.307475080163912,0.0427420639306216,1,4
0,"1","male",28.7818620341911,0,0,11.3336672540554,"S",0.470283048101968,0.0305531393016895,1,4
1,"2","female",24.39710660813,0,0,15.2925653503497,"S",0.419460296414602,0.0426895038483788,0,4
1,"1","female",49.9874775345933,0,1,32.7671511136547,"S",0.716072750430437,0.0962594462837173,0,4
0,"1","male",43.5380507718296,1,0,9.71314939356096,"S",0.641318839883541,0.0255852934438254,1,4
1,"3","male",29.9829564619215,0,0,39.7131130326831,"S",0.484204673807888,0.117552928441204,1,4
0,"2","female",31.8116395579863,1,1,136.981306306853,"S",0.505400544016246,0.415737479712717,0,4
0,"3","female",29.9829564619215,0,1,18.9974562454556,"S",0.484204673807888,0.0540471860657624,0,4
0,"3","male",17.2012558479561,0,0,5.98972006339831,"S",0.336054746770938,0.0141707799566033,1,4
1,"2","male",42.1295501265709,1,0,5.98783390570958,"S",0.624993213573801,0.0141649977675329,1,4
0,"3","female",13.5753583117916,2,0,40.4032002743096,"S",0.294027752738603,0.119668454057091,0,4
0,"1","male",41.8129664115823,3,1,19.0340301743472,"S",0.621323760212846,0.0541593067930799,1,4
0,"3","male",46.899066280723,1,0,44.218701323144,"Q",0.680275643633784,0.13136522182696,1,3
0,"3","female",32.7575367302773,1,0,12.4252311540408,"S",0.516364233535483,0.0338994283684954,0,4
1,"3","female",27.1449106450514,1,0,42.4175076288258,"S",0.451309498635545,0.125843497659848,0,4
0,"3","female",35.5044936704903,1,0,17.4184631442404,"S",0.548203617241713,0.049206638159012,0,4
0,"1","female",-11.7920163664598,3,0,10.3889874928987,"C",0,0.0276571370095344,0,2
0,"3","male",34.0827441680392,1,2,14.0006165660529,"C",0.531724426294085,0.0387289165737138,1,2
1,"2","male",28.0563670313228,2,0,6.83906536749578,"S",0.461873992453835,0.0167745257428852,1,4
0,"1","male",28.9658923606736,0,0,120.352339445535,"S",0.472416103809061,0.364759859436842,1,4
0,"2","male",39.9447214370185,0,0,18.4166724875794,"S",0.599669336828342,0.0522667402859178,1,4
0,"3","male",28.6158506373114,1,0,35.8757894644005,"S",0.46835884591027,0.10578926174014,1,4
1,"3","male",13.1670005785582,1,0,12.3891090024036,"S",0.289294566583594,0.0337886926057109,1,4
1,"3","male",27.649661273032,0,0,7.79330444227157,"S",0.45715995398305,0.0196998329860837,1,4
1,"3","female",30.679554519172,0,0,16.2730040274928,"Q",0.492278791209994,0.0456951283711774,0,3
0,"1","male",31.3665417179247,0,0,54.1129365420808,"C",0.500241511230156,0.161696905696295,1,2
1,"3","male",32.0478308256335,1,1,12.570356554859,"S",0.508138185909568,0.0343443235707646,1,4
1,"2","male",44.770851151319,0,0,9.17535627769873,"Q",0.655607962418059,0.0239366394128178,1,3
1,"3","male",29.9829564619215,1,0,23.1019682593925,"S",0.484204673807888,0.0666299434077694,1,4
0,"1","female",32.2476566143903,1,0,31.472694877936,"S",0.510454323403203,0.0922911721871644,0,4
0,"3","male",48.4039806299645,0,1,88.1080015195065,"C",0.697718780331367,0.265911889593107,1,2
0,"2","male",4.54813329441067,0,1,27.6154508788143,"S",0.189395140219901,0.0804664375816716,1,4
1,"1","female",32.3048768713108,0,0,35.8589580132292,"S",0.511117551023989,0.105737663385675,0,4
0,"3","male",21.2120117213909,0,0,38.3727554090873,"S",0.382542550542774,0.113443939437895,1,4
0,"1","male",24.32469942514,1,0,7.1155758026724,"S",0.418621040418792,0.0176221937961266,1,4
0,"1","male",16.5802912033909,0,0,8.44015890955892,"S",0.328857279895182,0.0216828245743244,1,4
0,"3","male",27.2415146223436,0,0,7.572273399627,"S",0.45242921444016,0.0190222420897228,1,4
0,"2","female",56.3982064091901,0,1,6.05611690459214,"S",0.790378122126241,0.0143743255518363,0,4
1,"3","male",29.9829564619215,1,1,41.096127160196,"S",0.484204673807888,0.121792684862423,1,4
1,"2","male",12.740654964057,1,1,26.0767752884265,"S",0.284352886787725,0.0757494866953837,1,4
1,"3","male",29.9829564619215,0,0,21.5752420688194,"S",0.484204673807888,0.061949624500567,1,4
0,"3","male",54.7475651561075,0,0,1.94751682136083,"S",0.771245896408078,0.0017790358591494,1,4
1,"3","male",29.9829564619215,0,0,127.731342666762,"S",0.484204673807888,0.387380869350646,1,4
0,"3","female",29.3282336249587,1,1,8.98139482756556,"S",0.476615923026205,0.0233420328304902,0,4
1,"3","male",23.8596473539595,0,0,127.310817749322,"C",0.413230722456056,0.386091711717667,1,2
0,"3","male",16.0058682631552,1,0,5.45036548237997,"S",0.322199267846981,0.0125173391112093,1,4
0,"2","male",26.2903156240907,3,0,9.66816913789827,"C",0.441404072603024,0.0254474023522015,1,2
0,"1","male",65.3445322831801,1,0,2.76609217156727,"C",0.894073050173002,0.00428845353482496,1,2
0,"3","male",29.9829564619215,1,0,27.8243762035157,"S",0.484204673807888,0.0811069172914132,1,4
0,"3","female",17.3324016420121,2,0,7.45488007277616,"C",0.337574829302004,0.0186623620990395,0,2
0,"1","female",39.0898244943944,2,0,7.64689636281839,"C",0.589760411287128,0.0192510056150312,0,2
0,"2","male",17.6429197963375,0,0,5.84003742110487,"S",0.341173978061341,0.0137119141133816,1,4
0,"3","male",29.9829564619215,2,1,40.4319193713234,"S",0.484204673807888,0.119756495078187,1,4
0,"3","female",44.4829083061371,0,0,38.1039246651222,"C",0.652270479183794,0.11261981418113,0,2
1,"3","male",29.9829564619215,1,0,102.599237606265,"Q",0.484204673807888,0.310336100472813,1,3
0,"3","male",44.8677576401945,0,0,10.8358929062984,"S",0.656731184569001,0.0290271664679798,1,4
0,"3","male",22.8869538863162,0,0,24.4575126345686,"C",0.401956442873633,0.0707854887883766,1,2
0,"2","female",27.2817518569712,0,0,6.29400959015011,"C",0.452895595523108,0.0151036073582119,0,2
0,"3","female",40.5716005280428,0,0,14.8569070680174,"C",0.606935356773666,0.0413539534998818,0,2
1,"2","male",35.3766925415476,1,0,12.5917170152547,"Q",0.546722302000498,0.034409806017633,1,3
0,"3","female",29.9829564619215,1,0,30.5084886640917,"S",0.484204673807888,0.0893353097666713,0,4
1,"2","male",6.22345860828661,0,1,50.1651030088563,"S",0.208813473547368,0.149594460580644,1,4
0,"3","male",31.3511903150592,0,0,49.0068469365767,"S",0.500063576440167,0.146043720554079,1,4
0,"3","male",45.3456397689236,0,0,9.40713980800777,"S",0.662270212953543,0.0246471930444918,1,4
0,"3","male",12.3349698090047,0,0,49.3343757115371,"S",0.279650677908313,0.147047789998597,1,4
1,"3","male",38.9620110343017,0,1,19.3042132771802,"C",0.588278953118221,0.0549875778297621,1,2
0,"2","male",29.9829564619215,0,0,14.9971891522522,"Q",0.484204673807888,0.0417840010717649,1,3
0,"3","male",40.5771498168688,0,0,10.6157597077874,"S",0.606999677380095,0.028352327995007,1,4
0,"2","female",42.3436447459256,1,0,12.1345624913355,"S",0.627474737996439,0.0330083569725955,0,4
0,"2","male",19.6302539920824,2,1,96.3591601135133,"S",0.364208738848645,0.291206571646971,1,4
0,"2","male",6.25408869760828,0,1,26.4874143461908,"S",0.209168500287173,0.0770083383204864,1,4
0,"1","male",21.9639668775982,0,1,23.5035309428634,"S",0.391258300104727,0.0678609705765443,1,4
0,"1","male",42.5923461041416,0,0,15.8628171623776,"S",0.630357381643516,0.044437662984038,1,4
1,"3","female",21.8409433988734,0,1,181.522706451182,"S",0.389832361573746,0.552283219568342,0,4
1,"3","female",19.6363718040642,0,0,65.0079415393987,"C",0.364279649083997,0.195096540940562,0,2
0,"3","female",3.29042004209274,0,1,10.4965233906245,"S",0.174817257965272,0.0279867981487986,0,4
0,"1","male",55.1133895409886,0,1,15.7013461507693,"S",0.775486087722625,0.0439426588154702,1,4
0,"2","male",41.672847800667,1,2,16.5631427570487,"S",0.619699675702452,0.0465845752084928,1,4
1,"1","male",40.8634917284841,1,0,22.9033864709483,"S",0.610318604539684,0.0660211727553627,1,4
0,"3","male",43.7320181083024,0,0,10.6855953619265,"Q",0.643567073323979,0.0285664155861431,1,3
1,"3","male",38.0622712423793,0,0,29.8127117403653,"Q",0.577850263810642,0.0872023419094229,1,3
1,"2","male",26.1572315998968,1,1,74.2085460068306,"S",0.439861524465684,0.223301836240073,1,4
1,"3","male",27.3254204902281,0,0,6.1578931743685,"S",0.453401749205329,0.0146863300243344,1,4
0,"1","male",23.5003167134142,0,0,7.27663068162623,"S",0.409065798727459,0.0181159222719458,1,4
1,"2","male",29.9829564619215,1,0,13.0027035371023,"S",0.484204673807888,0.035669722825693,1,4
0,"1","female",29.9829564619215,0,1,13.5567421050079,"S",0.484204673807888,0.0373681787771917,0,4
0,"2","female",29.9829564619215,1,0,121.342762307078,"S",0.484204673807888,0.367796091390961,0,4
0,"3","male",29.9829564619215,0,2,49.4785032768368,"S",0.484204673807888,0.147489626244734,1,4
0,"3","female",15.0424006910834,0,1,46.9878997721091,"S",0.311031923624496,0.139854453189148,0,4
1,"1","male",51.5153474195438,0,1,15.8325963636882,"S",0.733781959776966,0.0443450183589767,1,4
1,"3","female",20.1144981107965,1,0,15.5229245405141,"S",0.369821507682956,0.0433956910349427,0,4
0,"3","female",36.9657387730258,1,0,5.43829247112257,"S",0.565140593146718,0.0124803281899297,0,4
1,"3","male",45.1566756312754,1,0,40.5918052557241,"S",0.660079970508451,0.120246639894183,1,4
0,"3","female",35.2791438909724,1,0,31.2478053316155,"S",0.5455916366922,0.0916017526945434,0,4
0,"2","female",31.0698148813848,1,0,63.9050014459643,"S",0.496802214652104,0.19171537711126,0,4
0,"3","female",29.8566302304122,1,0,16.6141253458354,"S",0.482740453783793,0.0467408670018149,0,4
1,"2","female",29.9829564619215,0,0,17.6793761052037,"C",0.484204673807888,0.0500064907271219,0,2
0,"3","male",29.9829564619215,0,0,23.4071369963476,"Q",0.484204673807888,0.0675654661087466,1,3
0,"2","male",29.9829564619215,0,0,44.8223911921212,"S",0.484204673807888,0.133215888387412,1,4
0,"3","female",29.9829564619215,0,2,5.3484454046531,"C",0.484204673807888,0.0122048937822735,0,2
1,"1","male",28.1262188260652,0,0,38.9566901609556,"S",0.462683629497218,0.115234044878292,1,4
1,"2","male",18.3059540939498,0,0,19.7184351789248,"S",0.348859065185579,0.0562574129910918,1,4
1,"3","male",22.2136848455081,1,0,7.74638636268,"S",0.394152727054866,0.0195560013178003,1,4
1,"3","male",45.6553748701097,1,1,3.07669147320603,"S",0.665860285513322,0.00524062412900205,1,4
1,"2","male",39.4962961808849,1,0,17.7639950594704,"S",0.594471736682308,0.0502658978781929,1,4
0,"3","female",37.8247730843677,0,0,73.9169144671695,"Q",0.575097474033797,0.222407813056714,0,3
0,"3","male",25.965942615808,0,0,90.6690623328189,"S",0.43764433522838,0.273763055978443,1,4
1,"2","female",38.0137558175077,1,1,27.6558862506569,"S",0.577287932015213,0.0805903959158661,0,4
1,"3","female",20.3683636882156,1,0,117.425618308245,"S",0.372764008677757,0.355787727852577,0,4
0,"3","male",25.9355965454863,0,0,19.3241000724293,"S",0.437292600491368,0.0550485426212112,1,4
0,"3","male",43.7621650671803,0,1,47.3692458539477,"S",0.643916500203316,0.141023504514813,1,4
1,"2","male",42.3770263443264,1,2,13.3817548389686,"S",0.627861656882808,0.0368317392932684,1,4
0,"2","female",15.4623072337134,0,1,12.6399324510795,"S",0.315898969531126,0.0345576148502207,0,4
1,"3","female",17.2948664328256,0,0,10.9161330882612,"C",0.337139766811477,0.029273150091682,0,2
0,"3","male",31.2761812157944,0,0,3.14408826281742,"S",0.499194162195631,0.00544723515765317,1,4
0,"3","male",54.7289194327079,0,0,63.9680048381707,"S",0.771029777861366,0.191908519777956,1,4
1,"3","male",1.92430511519958,1,0,11.2743564344566,"C",0.158982915348753,0.0303713165543732,1,2
0,"3","male",33.7358276237723,0,0,9.76402876175571,"S",0.527703391670187,0.0257412688049731,1,4
0,"3","female",29.9829564619215,1,0,6.94502437936996,"S",0.484204673807888,0.0170993527942093,0,4
0,"3","female",29.9829564619215,0,0,16.7111557789318,"S",0.484204673807888,0.0470383226774949,0,4
1,"3","male",24.4157879380685,2,0,98.2134409786498,"S",0.419676827669005,0.296891039396296,1,4
0,"3","female",23.6026290201651,0,0,132.211242544299,"S",0.410251678544075,0.401114412554838,0,4
0,"2","male",21.9599588749415,1,0,4.50514380512897,"S",0.391211844212894,0.00961967552565524,1,4
1,"3","female",29.8045023754574,3,2,14.5996390181057,"S",0.482136251092664,0.0405652747402879,0,4
1,"2","male",21.9387942838566,0,0,7.91751985303749,"S",0.390966530015692,0.0200806266995624,1,4
0,"2","male",8.49436791961478,1,0,48.8866311306108,"S",0.235135092159934,0.145675187995274,1,4
0,"3","female",41.0081093815803,0,1,25.9957793607294,"S",0.611994836474818,0.0755011862639457,0,4
0,"2","male",40.6166464236588,1,1,11.3258486592223,"S",0.607457474005979,0.0305291706834454,1,4
0,"1","female",41.9260274953287,0,0,21.4412314702658,"S",0.622634226778573,0.0615388027421869,0,4
0,"3","female",29.9829564619215,0,1,13.070048530267,"S",0.484204673807888,0.0358761750675949,0,4
1,"3","male",34.0343132124702,0,1,85.8688802842267,"S",0.53116307356407,0.259047658457421,1,4
0,"1","male",29.9829564619215,0,0,32.8602448376607,"",0.484204673807888,0.0965448336172795,1,1
0,"1","female",14.747570007626,0,0,36.7023607580743,"S",0.307614604946672,0.108323191712535,0,4
1,"2","male",29.8330120986409,1,0,1.82170753951408,"S",0.482466701127213,0.00139335598795529,1,4
0,"3","male",29.9829564619215,0,0,18.9137692593221,"S",0.484204673807888,0.0537906359483242,1,4
0,"3","male",56.4111845492398,0,0,130.9597289249,"S",0.790528548940286,0.397277782979959,1,4
1,"1","female",57.6051925366823,1,0,66.2553464692651,"S",0.804368037249679,0.198920574951532,0,4
1,"3","male",5.56683229671209,1,0,3.80996259944475,"C",0.201202660003197,0.00748853389660244,1,2
1,"1","male",65.8619415830559,1,0,15.1487307654051,"S",0.900070229448276,0.0422485657603427,1,4
0,"2","female",16.4292270432768,0,0,6.8116370518183,"S",0.327106327891632,0.0166904417301456,0,4
0,"3","male",43.9197627677477,1,0,93.6899947874152,"S",0.645743181061005,0.283024000980848,1,4
1,"1","female",43.7722207225241,0,0,25.0243776071369,"C",0.644033053129291,0.0725232652576112,0,2
0,"1","male",15.2624917107938,0,1,10.064194199672,"S",0.31358295102659,0.0266614534347011,1,4
0,"2","female",36.8523830106669,0,0,20.7125987250001,"S",0.563826711024935,0.0593051123560978,0,4
0,"3","female",28.1407607081421,0,1,1.92200905896524,"S",0.46285218130685,0.00170083947831983,0,4
1,"3","male",29.9829564619215,1,0,7.56501875856614,"C",0.484204673807888,0.0190000023233968,1,2
1,"3","female",33.0447483845191,0,0,20.7552526259737,"S",0.519693241693724,0.0594358717944471,0,4
0,"1","male",47.0469225378686,1,0,42.9960319674163,"Q",0.68198941352792,0.127617016983025,1,3
1,"1","male",29.9829564619215,1,0,3.5001901355489,"C",0.484204673807888,0.00653889804922228,1,2
0,"3","male",29.9829564619215,0,2,14.2528975525824,"S",0.484204673807888,0.0395023070339499,1,4
0,"2","female",29.9829564619215,0,0,49.8349808756988,"C",0.484204673807888,0.148582440959154,0,2
1,"3","male",38.1157414904498,1,1,5.43952645335943,"S",0.578470025890004,0.0124841110754464,1,4
0,"3","male",29.9829564619215,1,0,24.68669788269,"S",0.484204673807888,0.0714880771481348,1,4
0,"1","male",20.0634932522503,0,0,21.314275357273,"S",0.369230321400289,0.0611496071551237,1,4
0,"3","male",14.5436896697221,0,0,93.9668714079453,"C",0.305251472050903,0.283872791608815,1,2
1,"1","male",29.9829564619215,0,0,16.3279346994293,"S",0.484204673807888,0.0458635233748374,1,4
0,"2","male",29.9829564619215,0,0,17.2111849706159,"S",0.484204673807888,0.0485712079416912,1,4
1,"3","male",41.0998893954673,0,0,43.3568097196524,"S",0.613058638763064,0.128723014211286,1,4
1,"3","male",43.8517687292638,0,0,6.08779653145866,"S",0.644955076868568,0.0144714423482284,1,4
0,"3","male",27.4506108017802,1,1,16.4644763929385,"C",0.454852803026909,0.0462821044365227,1,2
1,"3","male",50.4483257729531,0,0,13.3277388379871,"S",0.72141434267627,0.0366661482971578,1,4
0,"3","female",49.5428062095944,0,0,17.7250584243057,"S",0.710918661288181,0.0501465340584923,0,4
0,"3","male",33.2292842878078,0,0,43.1018450193299,"C",0.521832157432218,0.127941396580727,1,2
1,"3","male",17.7825693126259,0,2,33.0739292662316,"C",0.342792625397382,0.0971999027956236,1,2
1,"1","male",52.5429614168153,1,0,10.2388153283123,"S",0.74569281133858,0.0271967704909084,1,4
0,"3","male",28.8152484100881,1,0,22.7150859487963,"S",0.470670022363262,0.0654439202660126,1,4
0,"3","male",31.5293953482491,0,0,76.8148094305057,"S",0.502129112432761,0.231291575365723,1,4
0,"2","female",24.7757271287048,1,0,9.50455227887003,"S",0.423848804970072,0.024945819891918,0,4
1,"3","male",16.7980402686906,0,0,22.8888548051602,"S",0.331381162210284,0.0659766246035322,1,4
0,"2","male",8.40472826042827,3,0,16.8804372244581,"S",0.234096098260047,0.0475572704462745,1,4
0,"1","male",38.8765906915807,0,0,18.9782860422787,"Q",0.587288864402815,0.0539884180529138,1,3
0,"3","male",18.340684718499,2,0,4.62931143999773,"S",0.349261620342229,0.0100003227777475,1,4
0,"2","male",74.0632028204539,0,0,71.4992220256756,"C",0.995129274455475,0.214996155540394,1,2
1,"3","male",13.9519330521191,0,0,10.0049832032693,"Q",0.298392549097745,0.0264799367045309,1,3
1,"3","male",11.4679541127701,0,0,50.5753737548981,"S",0.269601286515379,0.150852183112443,1,4
0,"3","male",37.0970113763949,1,0,11.4817756555292,"S",0.566662145497103,0.0310071791655585,1,4
0,"2","female",51.8750454450258,0,0,11.4391972529601,"S",0.737951141784896,0.0308766511744801,0,4
0,"2","female",30.6365500256767,0,0,59.8481742087335,"C",0.491780335428091,0.179278801817732,0,2
1,"3","male",37.9975150927155,0,0,49.1312919861202,"S",0.577099689287139,0.146425218246254,1,4
1,"3","male",2.96856244684871,0,2,24.235034892857,"S",0.171086676199056,0.0701034629035822,1,4
0,"3","female",19.8760825874694,0,0,39.8465367706377,"S",0.367058084923172,0.117961951124691,0,4
0,"3","male",29.9829564619215,0,1,15.4916705834228,"C",0.484204673807888,0.043299879168216,1,2
0,"1","female",2.22183517575573,1,0,19.9348435949829,"S",0.162431521922633,0.0569208328024558,0,4
0,"3","male",31.3962133933464,0,0,11.0733137475642,"S",0.500585429201758,0.0297550017924811,1,4
1,"1","female",-2.82100051335128,0,0,45.3159222087628,"S",0.103981104254092,0.134728852901116,0,4
0,"1","female",10.528158491732,0,0,10.7609947780229,"S",0.258708318756901,0.0287975593989153,0,4
0,"3","male",21.9106899868054,0,0,76.4502888339204,"Q",0.390640779187746,0.230174104105455,1,3
1,"1","male",17.6463553787094,0,0,15.1159314192402,"Q",0.34121379915347,0.0421480163619324,1,3
0,"1","male",35.4479232820025,0,0,20.4597124795066,"C",0.547547922105358,0.058529866419097,1,2
0,"1","male",34.130912782586,0,0,39.7597549519441,"S",0.532282738286057,0.117695913514712,1,4
0,"2","male",42.6600818160641,1,0,20.521599776278,"S",0.631142491628658,0.0587195875930593,1,4
0,"3","female",40.6095641243338,0,0,15.3617786285191,"S",0.60737538460646,0.0429016834890021,0,4
0,"1","male",46.24178544574,0,0,19.550070586204,"S",0.672657243650364,0.0557412759185243,1,4
0,"3","male",29.6721831998687,0,0,44.899942683104,"S",0.480602568150065,0.133453629582769,1,4
0,"3","female",34.1002700618417,0,0,11.0610839771657,"C",0.531927565138165,0.0297175103117032,0,2
0,"1","male",37.1169486778283,0,1,17.9284115770213,"S",0.566893234445426,0.0507699317648856,1,4
0,"1","male",31.7540221121699,0,0,20.2723533648174,"S",0.504732712664881,0.057955499900509,1,4
1,"3","female",23.9406825062024,0,0,43.7340369266768,"Q",0.414169983377181,0.12987943874913,0,3
0,"3","male",24.8795832520733,3,1,18.3593533414052,"S",0.425052578831164,0.0520910231958199,1,4
0,"3","male",17.8454032242155,0,1,102.254948009634,"S",0.343520919675161,0.309280649195027,1,4
0,"3","male",35.8134440336925,0,0,17.4460852072639,"C",0.551784594073265,0.0492913161219782,1,2
1,"1","female",28.3367799757652,0,0,16.2173997652969,"S",0.465124198237405,0.0455246684149104,0,4
1,"2","male",20.0839806157669,0,0,17.219992966397,"S",0.369467785999236,0.0485982096591199,1,4
0,"3","male",29.9829564619215,0,0,6.1412156687095,"S",0.484204673807888,0.0146352036039306,1,4
0,"2","male",12.1492184471496,0,0,7.900656346973,"C",0.277497674052489,0.0200289300778875,1,2
0,"3","male",43.8931994479394,0,0,12.4584586173562,"S",0.645435291366957,0.0340012901992243,1,4
0,"3","female",30.8399562082109,0,1,55.8263993403244,"S",0.494137972491533,0.166949682769829,0,4
0,"3","male",17.1893997161876,1,0,19.495556086033,"S",0.335917324912182,0.0555741567275113,1,4
0,"3","female",41.4239423692293,1,0,12.9853296184251,"S",0.616814666686805,0.035616461487426,0,4
0,"2","male",21.5734922579816,0,2,60.5749396881282,"C",0.386732393251395,0.181506767929347,1,2
0,"1","male",9.30574090832263,0,3,81.1305365303705,"S",0.244539540965869,0.244521831890136,1,4
0,"1","female",44.5077231936774,0,0,62.1682372901164,"S",0.652558103177624,0.186391167592778,0,4
0,"3","male",29.9829564619215,0,1,9.32052541854058,"S",0.484204673807888,0.0243816687041338,1,4
1,"1","male",23.7709631919726,0,1,12.8619873195282,"S",0.412202803517527,0.035238344378314,1,4
0,"1","female",30.2971102950631,1,2,102.756536125813,"S",0.487845962933956,0.310818313484983,0,4
1,"1","male",29.9829564619215,0,1,24.9537902078923,"S",0.484204673807888,0.072306873123033,1,4
0,"1","male",29.9905407175615,1,0,15.7861921216404,"S",0.484292581274478,0.0442027619067251,1,4
1,"3","female",29.9829564619215,0,0,38.3407448606624,"S",0.484204673807888,0.11334580817117,0,4
1,"2","male",37.5862165596266,0,1,49.7280500202825,"C",0.572332416957122,0.14825463463248,1,2
1,"3","male",22.667648998205,0,0,12.0094685701307,"Q",0.39941452735286,0.0326248701049399,1,3
1,"1","male",57.0748975871773,0,0,24.4711766756633,"S",0.798221503196817,0.0708273771572796,1,4
1,"3","male",29.6837640310306,0,0,46.2427207459808,"S",0.48073679905904,0.137570038664282,1,4
1,"2","male",29.9829564619215,1,0,7.06915934728702,"S",0.484204673807888,0.0174798999027705,1,4
1,"2","female",34.8817920962573,0,1,20.3099499580746,"S",0.540986017989887,0.058070755699063,0,4
0,"3","male",57.8966679877733,0,1,7.36728543665648,"S",0.807746466154908,0.018393832722828,1,4
0,"3","female",29.9829564619215,3,1,8.2877419757741,"Q",0.484204673807888,0.0212155765102147,0,3
0,"3","male",56.2488371869702,1,0,12.1000541798682,"C",0.788646815781194,0.0329025685845969,1,2
1,"1","male",14.9134773119688,1,0,30.8583563524229,"S",0.309537600624291,0.0904078611952292,1,4
0,"1","male",42.9262097416633,0,0,15.0319755296453,"Q",0.634227122848774,0.0418906418963156,1,3
0,"3","female",19.2310791738177,1,0,11.2057124396358,"S",0.359581989874703,0.0301608821039722,0,4
1,"2","male",32.9521962915454,0,1,21.0394470576129,"S",0.518620490403791,0.0603070958423056,1,4
0,"3","male",11.2421897832739,0,0,7.15444287294471,"S",0.266984501006738,0.0177413443582813,1,4
0,"3","female",20.3553914092006,0,0,29.5452473297016,"S",0.372613649797697,0.0863824052724789,0,4
0,"3","male",29.9829564619215,1,1,55.6036076955709,"C",0.484204673807888,0.166266694586522,1,2
0,"3","male",42.7290515620679,1,0,18.7036064417002,"S",0.631941905035905,0.0531463625907437,1,4
0,"3","female",29.9829564619215,1,0,16.7369007247507,"S",0.484204673807888,0.0471172461658224,0,4
0,"1","male",33.7138860752969,1,0,28.1091829378182,"S",0.527449071927933,0.0819800184091416,1,4
0,"1","male",10.1188894381969,0,0,3.23612790172353,"C",0.2539645696854,0.00572939109684134,1,2
0,"3","male",25.1812282077291,0,0,32.5616661314373,"S",0.42854888026406,0.0956295132588195,1,4
0,"3","male",18.8813109973305,0,0,327.568509781423,"S",0.355527902598569,1,1,4
1,"2","male",42.3102984720701,0,0,17.9859590549972,"S",0.627088228549234,0.0509463488270253,1,4
0,"2","female",46.7836803658492,2,0,18.0435353749516,"C",0.678938230453336,0.0511228543068902,0,2
1,"3","male",29.9829564619215,0,0,39.2223328483672,"S",0.484204673807888,0.116048396855831,1,4
1,"3","female",18.7493184184532,0,1,88.3052357949601,"S",0.353998005167806,0.266516529321077,0,4
0,"3","female",-10.0232302731975,2,0,48.3019078554243,"C",0.0205016170050538,0.143882665264457,0,2
0,"2","male",4.07905247711421,1,0,2.88623766877789,"S",0.183958125932383,0.00465677055570412,1,4
0,"2","female",50.313591182192,2,0,33.3500394042102,"S",0.71985266317888,0.0980463437011577,0,4
1,"3","female",23.8818033798626,0,1,203.311061870852,"S",0.413487528159781,0.619077417805844,0,4
1,"2","female",29.9829564619215,0,0,35.1701229403834,"S",0.484204673807888,0.10362597640782,0,4
1,"3","male",53.5185742548254,0,0,7.10542287736166,"S",0.757000928711442,0.0175910690740981,1,4
0,"3","male",29.9829564619215,1,0,25.8845602595937,"S",0.484204673807888,0.0751602339274352,1,4
1,"1","male",29.9829564619215,2,1,6.34318795311376,"S",0.484204673807888,0.0152543681320987,1,4
0,"1","male",25.4456551795724,0,0,60.9176724322963,"S",0.431613796097121,0.182557446533377,1,4
1,"1","male",27.7845324142097,1,1,8.49693636411046,"S",0.458723216206782,0.0218568810591618,1,4
0,"3","male",32.9938605766183,0,0,21.4734925799035,"Q",0.519103412119767,0.0616377021272483,1,3
1,"3","male",29.9829564619215,0,0,9.28126635547366,"S",0.484204673807888,0.0242613164521808,1,4
1,"1","female",35.8257776514398,0,0,12.2827611673691,"S",0.551927550368718,0.0334626735813924,0,4
0,"3","male",40.2274209790675,1,1,76.5187325869634,"S",0.602946046070161,0.230383924696354,1,4
0,"3","male",46.6544165815175,0,0,22.0455650116496,"S",0.677439961889892,0.0633914425393293,1,4
0,"3","male",12.7396979851459,0,1,12.1425738073067,"S",0.284341794652168,0.0330329163951319,1,4
1,"3","male",40.6454974408736,0,0,7.16562169763518,"S",0.607791879905821,0.0177756140687783,1,4
0,"1","male",29.9829564619215,0,0,3.72649704451736,"S",0.484204673807888,0.00723266259679841,1,4
1,"1","male",29.9829564619215,1,1,6.51330774824855,"S",0.484204673807888,0.015775885938353,1,4
0,"3","male",-1.15845835879427,0,0,22.2149018301785,"C",0.123251270746989,0.0639105600591177,1,2
1,"1","male",14.9372946329791,1,0,48.5313699452023,"C",0.309813662040253,0.144586102307658,1,2
1,"3","male",29.9829564619215,1,1,12.1300234577937,"C",0.484204673807888,0.0329944421497301,1,2
0,"1","male",31.3500936974343,0,0,82.5570228504083,"S",0.500050865782484,0.248894856297369,1,4
1,"1","male",32.3733172540471,0,0,10.5302242266142,"S",0.511910828696108,0.0280901111467974,1,4
1,"1","male",57.988680498957,2,2,16.2126118628348,"S",0.808812963269029,0.0455099906615861,1,4
1,"2","male",11.2982005845327,0,0,7.60176875926288,"C",0.267633710088565,0.0191126628149523,1,2
0,"1","male",29.302216364336,0,2,48.9933983317762,"Q",0.476314362586059,0.146002492624859,1,3
0,"1","male",34.1143150808003,0,0,132.656032005419,"Q",0.532090357914869,0.402477955367859,1,3
0,"3","female",19.0240398101941,1,0,4.11387223729818,"S",0.357182241395139,0.0084201967140147,0,4
0,"2","female",30.1107378037026,1,1,14.7089203788035,"C",0.485685759700392,0.0409002867560882,0,2
0,"2","female",6.500734655777,1,0,62.696264113379,"S",0.212027320236901,0.188009882159729,0,4
0,"1","male",29.9829564619215,0,0,5.46163956176187,"C",0.484204673807888,0.0125519008336833,1,2
0,"2","male",29.9829564619215,1,3,33.4487867804584,"S",0.484204673807888,0.0983490628232535,1,4
0,"2","male",59.1553023892883,1,1,60.2995704516865,"S",0.822335025250628,0.180662598325303,1,4
0,"3","female",29.2291223031969,1,0,21.5506490175766,"S",0.4754671451342,0.0618742322505169,0,4
1,"1","female",44.6067766982882,0,0,32.9580903135331,"Q",0.653706210923537,0.0968447878812054,0,3
1,"3","female",28.9271083996283,2,1,97.9847787289384,"S",0.471966567305851,0.296190054336043,0,4
0,"3","female",29.2542144322223,1,0,115.999270082118,"S",0.475757982574114,0.351415126784869,0,4
0,"1","male",21.2315746682809,0,0,18.9960204697604,"S",0.382769300428562,0.0540427845639251,1,4
1,"1","female",31.427296975811,1,0,12.4392890534126,"S",0.50094571228249,0.033942524146004,0,4
0,"1","female",34.3109810690037,0,0,8.77597522592006,"Q",0.534369870843779,0.0227123002357212,0,3
0,"3","male",18.3282516207299,3,1,48.3887687118213,"S",0.349117510995361,0.144148945171752,1,4
0,"1","female",27.8868559700317,1,1,5.84392113049071,"S",0.459909226408948,0.0137238199800529,0,4
1,"3","male",20.8535664421719,0,1,16.0015143687517,"C",0.3783878888458,0.0448628519677451,1,2
0,"3","female",63.0451290094152,0,0,22.0303443986682,"S",0.867421164205293,0.0633447823568055,0,4
1,"3","female",28.3989038362815,2,0,12.7725423578991,"S",0.465844262466783,0.0349641426598582,0,4
1,"3","male",52.1058661996001,1,1,25.8377923144507,"S",0.740626535222874,0.0750168625100487,1,4
0,"3","female",26.8634762032885,0,0,201.958450664303,"S",0.448047452897492,0.614930864322192,0,4
1,"1","male",33.4596708022562,0,0,18.0034115175045,"S",0.524502517686824,0.0509998509485939,1,4
1,"2","female",10.5402209611436,0,1,13.573711379565,"S",0.258848132230647,0.037420199641864,0,4
0,"2","female",23.217447417916,0,0,50.0888606945758,"S",0.40578712191013,0.149360732786322,0,4
0,"3","male",32.7527527264441,2,1,24.9188683041257,"C",0.516308783181869,0.072199816829977,1,2
0,"3","female",52.6970555489181,0,0,73.3617141602058,"C",0.747478883092044,0.220705795687777,0,2
0,"3","male",32.9187502763059,0,0,23.2945367269012,"C",0.518232824875779,0.0672202796743356,1,2
0,"1","male",49.7639452372985,0,0,16.0614037745248,"S",0.713481835924238,0.0450464484239477,1,4
1,"3","male",38.9905720979423,0,0,4.03355290099016,"S",0.588609998228904,0.00817397043542098,1,4
0,"3","male",29.9829564619215,0,1,4.67504494019056,"Q",0.484204673807888,0.0101405230094371,1,3
0,"3","male",28.8438878490767,0,0,3.84922249523511,"C",0.471001975905649,0.00760888870134542,1,2
1,"3","male",64.3582293044512,0,0,28.2588094990847,"S",0.882641025691427,0.082438712330841,1,4
0,"2","male",22.6617550577452,1,0,5.89423920579341,"S",0.399346211963895,0.0138780746464544,1,4
1,"2","male",18.5863034041338,0,0,62.1791434575489,"S",0.352108533398223,0.186424601447489,1,4
1,"3","female",12.154233679509,0,0,20.6398135753463,"S",0.277555804525934,0.0590819828164386,0,4
0,"1","male",63.499857737592,0,1,16.1227573317623,"S",0.872691826532292,0.0452345333705057,1,4
0,"2","female",41.5819898029595,0,0,9.39831513559364,"S",0.618646560304304,0.0246201402033178,0,4
1,"1","male",24.8552493659855,0,0,35.1643530994702,"Q",0.424770530021126,0.103608288432278,1,3
1,"1","male",47.8108291046657,0,1,9.73718403508207,"S",0.690843689304836,0.0256589738377517,1,4
1,"3","male",29.9829564619215,0,1,8.27434526714038,"S",0.484204673807888,0.021174507673445,1,4
0,"3","male",58.2088483349461,1,0,58.5285651687831,"S",0.811364881031992,0.175233419497097,1,4
1,"2","male",7.25642392527129,0,1,27.6370992180854,"C",0.220786351098245,0.0805328025475874,1,2
1,"2","male",25.8522784294433,0,0,16.2576491439877,"C",0.436326878230659,0.0456480565700709,1,2
0,"2","male",29.9829564619215,0,1,35.7764439373969,"S",0.484204673807888,0.105484708932144,1,4
0,"3","male",1.08160119207528,0,0,20.2476489544933,"S",0.149215316459118,0.0578797662690005,1,4
1,"3","male",45.0747444693056,1,0,28.352404330297,"S",0.659130324132394,0.0827256358544201,1,4
0,"3","male",25.7792499408513,1,0,9.62955377589994,"C",0.435480420816009,0.0253290234248043,1,2
0,"2","female",29.9829564619215,0,1,129.458290479325,"S",0.484204673807888,0.392674985970114,0,4
1,"2","male",63.9166930477794,0,1,11.9214825522427,"C",0.877523274448011,0.032355140912087,1,2
0,"3","female",24.5779664684997,0,3,81.4846528768417,"S",0.421556603934777,0.245607407969181,0,4
0,"3","female",23.5932817514712,0,0,16.9457664492904,"S",0.41014333637453,0.0477575431658122,0,4
0,"3","female",29.9829564619215,3,0,41.5288100349842,"S",0.484204673807888,0.123119113826699,0,4
0,"3","female",29.9829564619215,1,0,38.8924890768245,"S",0.484204673807888,0.115037230577354,0,4
1,"3","male",21.4826611330028,2,0,56.3829371333516,"S",0.385679589329232,0.16865580032474,1,4
1,"2","male",20.5510568415841,2,1,9.42568739237202,"S",0.374881565500526,0.0247040523623701,1,4
0,"2","male",45.0292444184998,1,1,52.8824677349057,"C",0.658602942885513,0.157924790919917,1,2
1,"2","female",35.1902701956515,2,1,105.825960833275,"S",0.544561520913796,0.320227915927956,0,4
1,"1","male",0.0514401864300993,0,0,15.9136354737462,"Q",0.137274943074383,0.0445934511698956,1,3
0,"1","male",11.9318189076979,0,1,20.7228190034675,"S",0.274977843015887,0.0593364435553941,1,4
1,"3","female",51.4679200254945,0,2,12.5396800655824,"S",0.733232239111449,0.0342502819844906,0,4
0,"2","male",35.5279601046428,0,1,14.7052911769915,"Q",0.548475611604005,0.0408891611056841,1,3
1,"1","male",29.9829564619215,1,0,93.7170858593621,"C",0.484204673807888,0.283107051142057,1,2
1,"3","female",27.2290599700928,1,0,8.13510726728632,"S",0.452284855259958,0.020747660837816,0,4
1,"3","male",29.8919317556242,0,0,8.60284584160111,"",0.483149626126535,0.0221815562582984,1,1
0,"2","male",40.3681337240624,0,0,85.6107485787004,"S",0.604577017060154,0.258256332082474,1,4
1,"3","female",10.0051807745476,1,1,35.2368913429611,"S",0.252646597161093,0.103830661058491,0,4
0,"3","male",29.9829564619215,0,1,135.413522214755,"S",0.484204673807888,0.410931294049586,1,4
0,"3","male",33.6578584455191,0,0,13.3912997802178,"S",0.526799667790384,0.0368610001844959,1,4
0,"3","male",28.252398582816,1,0,22.503098785196,"S",0.46414615176407,0.0647940542088185,1,4
1,"1","female",37.9919581482323,1,0,11.0827600313968,"S",0.577035279945644,0.0297839602403661,0,4
0,"3","male",29.9829564619215,1,0,22.8504555065561,"Q",0.484204673807888,0.0658589080382503,1,3
1,"2","female",34.8783658059342,0,1,4.06865701169116,"C",0.540946304599885,0.00828158530051527,0,2
1,"3","female",29.9829564619215,0,0,37.2055930576459,"C",0.484204673807888,0.109865896397201,0,2
0,"3","male",36.7588689336646,0,1,26.8731238866733,"S",0.56274280958621,0.0781907662280938,1,4
0,"1","male",31.7171202265431,1,1,19.071609273988,"S",0.504304990890741,0.0542745089633516,1,4
0,"1","male",28.3096877627934,0,0,14.1352560820826,"S",0.464810178257101,0.0391416663361936,1,4
0,"3","female",29.9829564619215,0,0,8.97749967905986,"S",0.484204673807888,0.0233300918961497,0,4
1,"3","male",29.9829564619215,0,0,38.6652638032435,"S",0.484204673807888,0.114340650698983,1,4
0,"1","male",47.9657348667659,0,0,7.0007620881625,"S",0.69263916848604,0.017270221843235,1,4
1,"3","male",27.9740866542982,1,0,31.8394574468241,"S",0.460920298401617,0.0934155164187758,1,4
0,"3","female",16.7978421544481,2,1,129.931352764644,"S",0.331378865910952,0.39412520171406,0,4
1,"3","male",22.5624172129019,0,0,76.475416770224,"S",0.398194808491851,0.230251136094627,1,4
1,"3","female",32.612329310501,0,0,5.18300421061308,"S",0.514681165742331,0.0116977186559956,0,4
1,"1","male",29.9829564619215,0,0,12.3905705732566,"S",0.484204673807888,0.0337931731849657,1,4
1,"3","female",36.7368976044155,0,0,29.3503850811504,"S",0.562488144661451,0.0857850372101338,0,4
1,"2","male",37.2812345308609,1,0,18.8543992794041,"Q",0.568797436231642,0.0536086318396332,1,3
0,"3","male",42.5902561158674,0,1,5.70039148206339,"S",0.63033315704151,0.0132838167028272,1,4
0,"2","female",50.341612347843,0,0,28.4112262151317,"C",0.720177450448748,0.0829059597274556,0,2
0,"3","female",44.1399515033992,0,0,19.9052754461622,"C",0.648295341067436,0.0568301889353165,0,2
0,"2","male",29.9829564619215,1,0,112.493210391021,"S",0.484204673807888,0.34066697982614,1,4
1,"1","male",29.9829564619215,1,3,15.9920890828237,"S",0.484204673807888,0.044833957890859,1,4
1,"3","male",28.6013135913325,0,0,57.4665504250756,"S",0.468190350154803,0.171977716074051,1,4
1,"3","male",23.1579573200285,0,1,6.42129902247334,"S",0.405097585053679,0.0154938247661977,1,4
0,"3","male",13.1942624590663,0,0,7.96288707445454,"S",0.28961055314361,0.0202197040701326,1,4
1,"3","female",23.2954689844916,1,0,38.4552706210745,"C",0.406691453011646,0.113696897374413,0,2
0,"3","male",22.8195624625239,1,0,53.2691680152736,"Q",0.401175323457737,0.159110256031344,1,3
0,"3","female",19.9582077734625,1,1,8.4853958162125,"S",0.368009980189713,0.0218215024530569,0,4
1,"1","male",25.1210524507524,0,1,20.5255338723946,"S",0.42785139608142,0.0587316479248668,1,4
1,"3","male",46.7875373296158,1,0,5.79258553557951,"S",0.678982935686065,0.0135664460141389,1,4
0,"3","female",32.588951598114,1,0,17.0628256132763,"C",0.51441019973483,0.0481163987496407,0,2
0,"2","male",65.5412316028043,0,0,42.6586687736008,"S",0.8963529494392,0.126582799227177,1,4
0,"1","female",32.1723686972849,1,0,13.5791747501012,"S",0.509581677441386,0.0374369481044077,0,4
0,"3","male",25.4940462779098,0,0,16.0525668421795,"C",0.432174686850587,0.0450193579988323,1,2
1,"3","female",29.7599267984956,0,0,7.2658416591245,"S",0.481619585222138,0.0180828475357443,0,4
1,"3","female",33.4191336874313,0,1,11.2063146531472,"S",0.524032660757378,0.0301627282446233,0,4
0,"3","female",36.0111823789804,1,0,97.7389182930584,"S",0.554076536461182,0.295436346661617,0,4
0,"3","male",59.8123142249558,0,0,21.4480214825798,"S",0.829950307321169,0.0615596181465533,1,4
0,"2","male",17.4428532578253,0,1,8.14922646121944,"S",0.338855050089366,0.0207909445194137,1,4
1,"2","male",42.1561678435772,1,0,15.1303891073521,"S",0.625301733774005,0.0421923377284238,1,4
0,"2","male",32.7123836654048,2,0,4.76985135027403,"S",0.515840874127499,0.0104311607389642,1,4
1,"1","male",6.91908273272604,1,0,8.06276280108281,"C",0.216876302304932,0.0205258822536177,1,2
1,"3","male",40.8751323403741,0,0,68.3270520579284,"S",0.610453528354147,0.205271578095808,1,4
0,"3","male",29.9829564619215,0,0,17.6681894782625,"Q",0.484204673807888,0.049972197098111,1,3
0,"2","male",17.2709421452273,2,1,110.129523392998,"S",0.33686246556893,0.333420880940914,1,4
1,"2","male",29.5704589155664,1,0,18.4338186063153,"C",0.479423503974457,0.0523193032826098,1,2
0,"3","male",4.6823632008883,2,0,19.445567915462,"S",0.190950970030929,0.0554209134142671,1,4
0,"1","male",11.4473063345771,0,0,35.759098586963,"C",0.269361962584616,0.105431535172442,1,2
1,"3","male",29.9829564619215,0,0,1.81243487488376,"S",0.484204673807888,0.00136492978562942,1,4
1,"3","male",22.9369606628922,1,0,24.1538887332861,"S",0.402536060604078,0.0698547019225814,1,4
1,"3","male",13.6223568633984,1,0,19.2192457682408,"S",0.294572502784132,0.0547271021524322,1,4
0,"1","male",33.0271752846472,0,0,76.5110369409262,"S",0.519489555694305,0.230360332988899,1,4
0,"3","female",22.1250197442502,1,0,47.8567155894021,"Q",0.393125029045124,0.142517887616133,0,3
0,"2","male",22.8730859622547,1,1,7.2404074541232,"Q",0.401795702765575,0.018004876651841,1,3
0,"3","male",40.4202273722861,1,0,61.4316243282863,"C",0.605180823268461,0.184133013122231,1,2
0,"1","female",12.854866295452,2,2,15.8618511408405,"S",0.28567668562514,0.0444347015565779,0,4
0,"3","male",29.9829564619215,0,1,8.89947330998466,"C",0.484204673807888,0.0230908949185267,1,2
0,"3","female",31.9341598861586,0,0,23.9841435308509,"C",0.506820650638007,0.0693343324645411,0,2
0,"1","female",43.756441965849,0,1,16.7350877793095,"S",0.643850164973735,0.0471116884155993,0,4
0,"1","male",29.9829564619215,1,0,80.2076408377638,"S",0.484204673807888,0.241692610654427,1,4
0,"1","male",20.0566050547565,0,0,27.2910777285372,"S",0.369150481793107,0.0794720419935138,1,4
1,"2","female",43.2919660203349,0,0,24.1695367642014,"S",0.638466524758978,0.0699026723939114,0,4
0,"1","female",29.9829564619215,0,0,45.1767409918352,"S",0.484204673807888,0.134302180138746,0,4
0,"3","male",29.9829564619215,1,1,53.7092079104225,"C",0.484204673807888,0.160459238615061,1,2
0,"2","male",13.2603201314139,2,0,40.6599909192962,"S",0.290376213335012,0.120455669288182,1,4
0,"3","male",48.9629427564801,0,0,72.0612985482857,"S",0.70419758943203,0.216719252577905,1,4
0,"3","male",20.1809514511285,0,0,34.7373046560864,"S",0.37059175397638,0.102299132333299,1,4
0,"1","female",58.8920735945217,0,0,23.3567569296066,"C",0.819283997228888,0.067411021401916,0,2
0,"3","male",38.274150568361,0,1,61.2678267390536,"Q",0.580306111246979,0.18363087661696,1,3
0,"3","female",14.9677603235808,1,0,18.5078223773798,"C",0.310166783270055,0.0525461686177671,0,2
0,"3","female",29.9829564619215,0,0,20.6956154683009,"S",0.484204673807888,0.0592530486278891,0,4
0,"2","male",41.0271274757443,1,0,94.577464188279,"S",0.612215271090514,0.285744619675984,1,4
0,"2","male",29.9829564619215,1,0,86.464308921031,"S",0.484204673807888,0.260872999454342,1,4
1,"1","female",28.6746239199953,1,0,19.9382854178724,"S",0.469040074316748,0.0569313840256185,0,4
1,"3","female",30.3475450739703,2,0,13.3538346115909,"S",0.488430541546842,0.0367461472801777,0,4
1,"3","female",40.6961189733389,1,0,74.9526177223587,"S",0.608378623138803,0.225582856202921,0,4
0,"3","male",31.6110771916569,1,1,41.2799339912847,"S",0.503075869011294,0.122356161530427,1,4
1,"1","male",29.9829564619215,0,0,26.6829058164719,"S",0.484204673807888,0.0776076353196491,1,4
0,"3","male",17.9118766427174,0,0,15.0340038798816,"C",0.344291398690308,0.041896859989658,1,2
0,"2","female",33.1092391756991,0,0,27.072729259638,"S",0.520440740504441,0.078802674772556,0,4
1,"3","male",29.9829564619215,2,1,19.6969221225003,"S",0.484204673807888,0.0561914627471272,1,4
0,"1","male",53.1317451503497,0,0,11.0463011943423,"S",0.752517276235555,0.0296721923376117,1,4
0,"3","male",41.003176601186,1,0,22.5590901532132,"S",0.611937661684267,0.0649657008734198,1,4
1,"3","male",33.8657160350273,0,1,25.5051818436661,"S",0.529208900149188,0.073997214661758,1,4
1,"1","female",40.5578013467459,1,0,14.3269795247338,"S",0.606775413448122,0.0397294121016982,0,4
1,"1","male",20.0321126720006,0,0,45.3061651723501,"S",0.368866595882473,0.134698941812747,1,4
0,"3","male",27.4781510762559,0,0,64.0682648431698,"S",0.455172016391185,0.192215876001967,1,4
0,"1","female",17.7501045405776,0,1,48.0820018074166,"S",0.342416333246948,0.143208523142147,0,4
1,"3","female",11.5932321447382,1,0,15.6641780618336,"C",0.271053357085325,0.0438287166361426,0,2
0,"3","male",34.536460668725,0,0,39.6558847222084,"C",0.536983356111187,0.117377489816259,1,2
1,"3","male",32.3899429454788,0,1,21.5454629347666,"S",0.512103533489229,0.061858333838883,1,4
0,"2","female",39.6709610253807,0,0,6.60501110510386,"S",0.596496239113517,0.0160570109741282,0,4
0,"2","female",37.6186215479405,2,1,36.7984763449529,"S",0.572708016167221,0.108617842843381,0,4
0,"1","male",33.218341934196,1,1,22.9087395355444,"S",0.521705326978418,0.0660375830649486,1,4
1,"3","male",37.7709416523245,1,1,207.305427686854,"S",0.574473525549134,0.631322511894326,1,4
0,"2","male",29.0810951047016,0,0,74.5554972020814,"S",0.473751393895855,0.224365446892091,1,4
0,"1","male",35.6869252307248,1,1,38.0931753433365,"S",0.55031814199505,0.112586861151107,1,4
0,"2","female",19.1709061610478,2,1,25.1348027919362,"Q",0.358884537499569,0.0728617837709103,0,3
0,"3","male",35.0607359217674,0,0,23.274306564036,"S",0.543060117164458,0.0671582622580245,1,4
0,"1","male",39.3920564366471,0,0,8.13909941348908,"C",0.593263516354701,0.0207598991274769,1,2
1,"3","female",29.9829564619215,1,0,4.19927333783809,"S",0.484204673807888,0.00868200160609085,0,4
0,"3","female",29.9829564619215,0,0,9.15863181015795,"S",0.484204673807888,0.0238853690264661,0,4
1,"3","female",29.9829564619215,2,1,19.2412167454623,"Q",0.484204673807888,0.054794456194522,0,3
1,"3","male",29.9829564619215,0,0,3.0192686995973,"S",0.484204673807888,0.0050645893595166,1,4
0,"3","male",13.3885243510188,0,0,12.3062884392377,"S",0.291862200712899,0.0335347985871999,1,4
0,"3","male",48.0537364149151,0,0,16.0731193360551,"Q",0.693659175395229,0.0450823635503648,1,3
0,"1","male",45.1524350334407,0,1,16.5455321038553,"S",0.660030818656222,0.0465305881388938,1,4
0,"3","male",37.4927908862964,0,0,11.0723251092003,"S",0.571249540186238,0.0297519710310679,1,4
0,"3","male",58.2968413031853,0,0,14.7705829909891,"S",0.812384788493302,0.0410893191388831,1,4
1,"3","male",26.9559373997583,0,0,94.7748847450529,"S",0.44911915062571,0.286349830466396,1,4
1,"3","female",73.6605550191042,0,0,36.4496098007152,"S",0.990462270885827,0.107548360513695,0,4
1,"3","female",26.4008234772333,0,2,12.1305771328764,"S",0.442684945225107,0.0329961394913843,0,4
0,"3","male",29.9829564619215,0,0,18.8872480967385,"C",0.484204673807888,0.0537093328964426,1,2
1,"3","male",23.932220247867,0,0,19.5801832855293,"S",0.414071899171266,0.0558335891550885,1,4
1,"3","male",35.0987206208744,1,0,10.0627462010843,"S",0.543500389595427,0.0266570144624677,1,4
0,"2","male",41.8164164543505,1,0,10.0521124257067,"S",0.621363748912301,0.0266244156505381,1,4
1,"2","male",29.9829564619215,0,1,49.872593244387,"S",0.484204673807888,0.148697745118736,1,4
0,"2","male",55.4624377832055,0,1,13.7658936753878,"Q",0.779531830396359,0.0380093520637734,1,3
0,"1","female",33.1676646271852,0,0,7.49902679662175,"S",0.521117937274744,0.0187976979225692,0,4
0,"1","male",33.6220380985979,0,0,19.3206348956382,"S",0.526384481897434,0.0550379198045253,1,4
0,"3","female",16.5195334295511,2,0,22.3362021693278,"C",0.328153049680975,0.0642824173536843,0,2
0,"2","male",35.7682365809806,0,0,3.40268966976202,"C",0.551260604267598,0.00624000144529878,1,2
1,"3","male",29.9829564619215,1,1,19.3623077743437,"Q",0.484204673807888,0.0551656718293005,1,3
1,"3","male",20.8805239246093,0,0,43.8678603251891,"S",0.378700347193623,0.130289686628645,1,4
0,"1","male",18.4411210818487,1,0,30.1476340353003,"S",0.350425756504663,0.0882290768662914,1,4
1,"1","male",68.4405690064719,1,0,149.428139297595,"S",0.929958542136273,0.453894385738866,1,4
1,"1","female",29.9829564619215,0,0,61.9296172199653,"S",0.484204673807888,0.185659655922341,0,4
0,"3","male",8.57371139867162,0,0,73.9981891734547,"C",0.236054745263081,0.222656968109436,1,2
0,"1","male",19.5757888338777,1,0,249.654345290003,"S",0.363577444981124,0.761146995800748,1,4
0,"3","male",28.9522663275949,2,0,39.7393005214916,"S",0.472258167407061,0.11763320858558,1,4
0,"3","male",37.626671972939,0,1,23.2606522206818,"C",0.572801326902011,0.067116403618433,1,2
1,"3","male",37.744549565017,0,0,48.2485735727149,"Q",0.574167620573963,0.14371916413812,1,3
0,"1","male",39.5109110007596,0,0,12.1422026909665,"S",0.594641133898178,0.0330317787040158,1,4
0,"1","female",29.9829564619215,1,0,22.1296355989683,"Q",0.484204673807888,0.0636491686213187,0,3
0,"1","male",34.6363864307724,0,0,11.2126782111488,"S",0.538141574004373,0.0301822363142538,1,4
0,"1","male",16.9971377703966,1,0,28.7370175507755,"S",0.333688858286247,0.0839047028926881,1,4
1,"1","female",20.7151767462968,0,0,11.1705608340997,"S",0.376783843815661,0.030053121639113,0,4
0,"3","female",16.3932198697462,0,0,10.8239833229994,"Q",0.326688976531866,0.0289906565500685,0,3
0,"3","male",12.4683616083251,1,0,29.1404127135555,"C",0.28119679340057,0.0851413476945465,1,2
0,"3","male",45.1310375884411,0,0,17.7442177679384,"S",0.659782805499662,0.0502052687804138,1,4
0,"3","male",29.9829564619215,1,1,3.54391120658962,"S",0.484204673807888,0.0066729289951106,1,4
0,"1","male",43.8616478646829,0,0,5.41947404361323,"S",0.645069583790279,0.0124226385775947,1,4
0,"3","male",30.2700394573523,0,0,7.15248720950006,"S",0.48753219070968,0.017735349092953,1,4
0,"3","female",40.9637116335446,0,1,9.07320245999288,"C",0.611480231780909,0.0236234775325777,0,2
0,"3","male",4.1613036326831,0,0,29.1653393753982,"S",0.184911481285029,0.0852177626584321,1,4
1,"3","female",42.2147690116577,0,0,24.4601426537152,"C",0.625980967237345,0.0707935513528457,0,2
1,"2","male",29.9829564619215,1,0,52.3918704144961,"S",0.484204673807888,0.156420819920589,1,4
1,"1","female",29.9829564619215,0,0,39.5482577198391,"S",0.484204673807888,0.117047549387369,0,4
1,"1","female",35.2103378362049,0,0,52.7051229533842,"S",0.544794120594666,0.157381124256455,0,4
1,"2","male",15.3877002592151,0,0,34.7283575028433,"Q",0.315034216227776,0.10227170401593,1,3
0,"3","male",7.97842325682982,0,0,24.2571490029432,"S",0.229154889176367,0.0701712557325725,1,4
0,"2","male",19.375214590347,0,1,54.0233612124583,"S",0.361252632310102,0.16142230432282,1,4
0,"3","female",37.8913005784572,0,0,45.946216805723,"S",0.575868579827383,0.136661078690832,0,4
0,"3","male",39.7063255200432,0,0,28.1764305056535,"C",0.59690614132154,0.0821861719847771,1,2
1,"1","male",29.9829564619215,2,0,63.0523090192292,"C",0.484204673807888,0.189101370414108,1,2
0,"2","male",15.4740591717109,0,0,2.43218634124625,"C",0.316035183702421,0.00326483464328691,1,2
1,"3","female",29.9829564619215,0,2,15.4650577949249,"S",0.484204673807888,0.0432182952287061,0,4
1,"3","male",24.5190766261312,1,1,15.2531887707044,"C",0.420874024510207,0.0425687913385962,1,2
0,"2","male",9.95026295263654,0,0,56.6796131552718,"S",0.252010056566467,0.16956528783028,1,4
1,"1","female",9.08024939096808,0,0,82.6203069575883,"S",0.241925917563751,0.249088859521515,0,4
0,"3","male",29.9829564619215,0,0,5.44576676675181,"S",0.484204673807888,0.0125032413274441,1,4
1,"1","female",29.9829564619215,0,0,71.5252444584322,"S",0.484204673807888,0.215075929690333,0,4
0,"3","male",12.5813820735744,2,1,6.99852444018894,"Q",0.282506789166084,0.017263362128518,1,3
0,"1","male",29.9829564619215,0,1,7.19154678757262,"Q",0.484204673807888,0.0178550898053932,1,3
0,"1","female",45.0490158340563,0,1,16.2670707961073,"S",0.658832109086521,0.0456769395071845,0,4
0,"3","female",10.8241938075041,0,1,15.0836922244459,"S",0.262139600067315,0.04204918415883,0,4
0,"3","female",29.9829564619215,0,0,4.94029204688399,"C",0.484204673807888,0.0109536622980688,0,2
1,"3","male",44.5589726393862,0,0,36.0493984174848,"Q",0.653152124417187,0.106321475879517,1,3
1,"2","male",23.6351083397248,2,1,37.020143456798,"C",0.410628139311566,0.109297383668107,1,2
0,"3","male",21.3817894825529,1,0,51.8646497912504,"S",0.384510407848177,0.154804576833597,1,4
0,"3","male",46.5706893074439,0,1,13.5975578015309,"S",0.676469497166954,0.0374933030315123,1,4
0,"3","male",25.2600698549126,0,1,19.3825961260767,"C",0.429462716742514,0.0552278676289128,1,2
0,"2","male",45.7151778654807,0,0,19.5429684486275,"C",0.666553449096822,0.0557195036655911,1,2
1,"1","male",29.9829564619215,0,0,91.7617824094773,"C",0.484204673807888,0.277112889410687,1,2
0,"3","male",29.9829564619215,1,0,1.56702621966485,"S",0.484204673807888,0.000612607086179972,1,4
0,"1","male",36.6555126936642,0,0,8.4888206985427,"S",0.56154482976511,0.0218320017433841,1,4
0,"3","male",29.9829564619215,0,0,20.1859488022314,"S",0.484204673807888,0.0576906188036646,1,4
0,"1","female",44.5028009045359,1,0,7.56087397430166,"C",0.652501049988913,0.0189872961077839,0,2
0,"3","male",21.7489897009572,0,2,15.9189731619098,"S",0.388766546151487,0.0446098143416203,1,4
1,"3","male",29.9829564619215,0,0,17.9310171914774,"S",0.484204673807888,0.0507779195145417,1,4
1,"3","female",29.9829564619215,2,0,11.1126322533916,"C",0.484204673807888,0.0298755362716582,0,2
1,"3","female",29.9829564619215,1,1,21.2854136612282,"C",0.484204673807888,0.0610611289836436,0,2
1,"1","male",14.8349016805595,1,0,35.3512711254078,"S",0.308626847477135,0.104181302752917,1,4
0,"3","male",44.4461671994489,0,0,16.2380978347618,"C",0.651844620963553,0.0455881202417392,1,2
1,"3","male",36.461767196471,1,2,13.3581240045552,"S",0.559299167615776,0.0367592968069989,1,4
1,"3","male",29.9829564619215,0,1,17.3018178671878,"S",0.484204673807888,0.0488490513834683,1,4
1,"2","female",47.2198109694673,2,0,19.9515590473426,"S",0.683993325941491,0.0569720755519447,0,4
1,"3","female",62.0943496715671,1,1,4.1942409887921,"S",0.856400886561133,0.00866657447938468,0,4
1,"3","male",44.2265925584664,0,0,30.4290737935542,"Q",0.649299578795598,0.0890918562107001,1,3
1,"3","female",50.3912791247838,1,2,13.3845210467641,"C",0.720753127316966,0.0368402193565086,0,2
0,"2","male",30.9378850332375,1,0,62.5134396065015,"S",0.495273044319664,0.187449416896525,1,4
1,"3","male",5.6081786637916,0,1,34.1905102699674,"C",0.201681896800481,0.100622884084263,1,2
0,"3","female",2.96025345807089,0,1,57.5733486627678,"S",0.17099036850743,0.172305115848951,0,4
0,"3","male",33.3986896360825,0,0,8.08569608885707,"S",0.523795698180398,0.0205961863468054,1,4
1,"2","male",21.1163072879153,2,0,14.3787586373642,"C",0.381433261155959,0.039888145711784,1,2
1,"2","male",16.4386439642534,0,2,6.56522881743543,"S",0.327215477385719,0.0159350547292587,1,4
1,"3","female",28.7901730824542,0,0,10.6475296974987,"S",0.470379379664643,0.0284497218069727,0,4
0,"3","male",38.6259866739887,0,1,61.9851525928539,"S",0.584384167442471,0.185829904692129,1,4
1,"3","male",8.63501557194887,0,0,76.6110651623169,"S",0.236765308674977,0.23066697865904,1,4
1,"3","male",23.1912745059344,2,2,7.14690956556558,"Q",0.405483757348752,0.0177182503148451,1,3
0,"1","male",51.5931249052446,0,0,13.2971549460552,"S",0.734683461789859,0.0365723905765209,1,4
0,"3","male",14.1083184867901,1,0,18.7543156733794,"S",0.300205178843652,0.0533018163828273,1,4
0,"1","female",42.3115372138919,0,1,34.023282770666,"S",0.627102586537741,0.100110232875672,0,4
1,"1","female",22.6714039575396,0,0,4.12130871757057,"Q",0.39945805027428,0.00844299392509079,0,3
0,"3","female",37.6140095178243,0,1,4.74598940983883,"S",0.572654559123762,0.0103580097760273,0,4
1,"3","female",45.6112488544416,0,1,31.2076585014879,"S",0.665348830410507,0.0914786789113918,0,4
0,"3","male",40.4485856212828,1,1,3.47594118856136,"S",0.605509517598476,0.00646456068226918,1,4
1,"2","male",42.8828142321012,0,0,13.4352565089443,"S",0.63372413488422,0.0369957535605942,1,4
0,"1","male",29.9829564619215,0,1,23.2401788492035,"S",0.484204673807888,0.0670536406238529,1,4
1,"3","male",45.8480657477488,1,1,29.1979754492229,"S",0.668093723795528,0.0853178115305362,1,4
0,"1","female",29.9829564619215,0,2,17.6803475356583,"S",0.484204673807888,0.050009468736114,0,4
0,"1","female",33.4633556007873,0,0,14.4517996904803,"S",0.524545227389549,0.0401120597469344,0,4
1,"2","female",33.4445697114598,0,0,42.953312660004,"C",0.524327484209885,0.127486057035249,0,2
1,"3","male",36.7342771036089,0,3,25.9633345656943,"S",0.562457771003436,0.0754017237744823,1,4
1,"3","male",34.5858718028728,1,0,11.2198557134011,"S",0.537556069879088,0.0302042396044999,1,4
0,"3","male",17.4647553113915,0,1,20.7791609484462,"S",0.339108912054671,0.0595091649457655,1,4
0,"3","male",10.1269225217121,0,0,28.3563820258855,"S",0.254057679418807,0.0827378298443999,1,4
0,"1","male",42.3490558594456,2,0,94.2936187149029,"C",0.627537457042785,0.284874465391627,1,2
0,"2","male",32.3946013740243,0,0,40.7595961970781,"C",0.512157528326846,0.120761018385969,1,2
1,"3","male",46.3659641938884,1,0,59.9254428496696,"C",0.674096572659339,0.179515675910375,1,2
1,"1","female",29.0513724542759,0,0,11.5936014099176,"S",0.473406885084008,0.0313499912531536,0,4
1,"2","male",9.32511677018407,0,0,12.5313735570256,"S",0.244764122389558,0.0342248176220583,1,4
1,"2","male",43.7088803745595,1,0,16.2510578719363,"S",0.643298888857035,0.0456278504221738,1,4
1,"1","female",29.9829564619215,1,1,17.6508619525544,"Q",0.484204673807888,0.0499190779817383,0,3
1,"3","male",34.6590501326048,0,1,8.10740253852895,"S",0.538404264069981,0.0206627294554747,1,4
0,"3","female",20.311838287047,0,0,62.761401825294,"Q",0.372108834979688,0.188209567778885,0,3
0,"1","female",53.5423747983885,1,0,44.4789691452708,"S",0.757276795663642,0.132163096662905,0,4
1,"3","male",16.9898100493436,0,0,15.254734666906,"S",0.333603924256564,0.0425735304249272,1,4
1,"3","female",24.8072685654605,0,0,35.785385511087,"C",0.424214394940854,0.105512120144882,0,2
0,"3","male",31.2580061891111,0,1,24.5474811141953,"S",0.498983499392742,0.0710612953991817,1,4
0,"3","female",13.8633562572391,0,1,38.391849437709,"S",0.297365874628129,0.113502473930671,0,4
1,"2","female",29.9829564619215,1,0,5.99019274153133,"S",0.484204673807888,0.0141722289946932,0,4
0,"3","female",53.0727019232786,0,0,17.6177168358202,"Q",0.751832918962075,0.0498174685919928,0,3
0,"2","male",29.9829564619215,0,0,19.0633057987639,"S",0.484204673807888,0.0542490538998786,1,4
1,"2","male",35.42957087596,1,1,35.2081605538349,"Q",0.547335203336685,0.103742584194154,1,3
1,"1","female",29.9829564619215,1,1,11.4090415439166,"S",0.484204673807888,0.0307842060876872,0,4
0,"3","female",29.1355265929698,0,2,2.11713201213433,"S",0.474382297502425,0.00229900675453826,0,4
1,"2","male",25.16088685407,1,1,7.58725794515796,"S",0.428313108033789,0.0190681785858656,1,4
0,"2","female",29.9829564619215,1,1,19.0117424672535,"S",0.484204673807888,0.0540909817865709,0,4
1,"3","male",45.3810318096137,1,1,21.2742155731621,"Q",0.662680434441613,0.0610268002195052,1,3
0,"2","female",24.9694666164545,1,0,91.411684582693,"Q",0.426094397465247,0.276039632471633,0,3
0,"2","female",27.126576437143,2,1,33.9358438530167,"Q",0.451096990797508,0.0998421808686874,0,3
0,"1","male",24.2307033155585,0,0,21.6147780840139,"Q",0.417531551844709,0.0620708257746218,1,3
0,"2","male",29.9829564619215,1,0,19.5084528454139,"S",0.484204673807888,0.0556136929240766,1,4
1,"2","male",29.9829564619215,1,1,54.2587920079794,"S",0.484204673807888,0.162144038979904,1,4
0,"2","male",43.6358555487431,0,0,11.8094563137621,"C",0.642452473896825,0.0320117142221533,1,2
0,"1","male",-0.894284379759593,0,1,17.7031854273326,"S",0.126313254195129,0.0500794803838239,1,4
0,"3","male",18.5884274305723,0,0,7.53582030321913,"C",0.352133152529228,0.0189104917854461,1,2
1,"3","male",23.9040591837984,0,0,72.0251557798129,"S",0.413745490369101,0.216608453612323,1,4
1,"3","male",54.9825170757277,1,0,28.5954908641007,"S",0.7739691732865,0.0834708398780837,1,4
1,"3","male",40.8447545996974,0,1,10.6252052640836,"S",0.610101426532901,0.0283812842125629,1,4
0,"3","female",21.6210273577301,1,0,18.1195323306235,"S",0.387283362310374,0.0513558299319351,0,4
0,"3","female",29.9829564619215,1,1,31.7751865137644,"S",0.484204673807888,0.0932184879895526,0,4
0,"3","male",29.9829564619215,0,1,16.0282530164156,"S",0.484204673807888,0.0449448217400509,1,4
0,"3","female",44.3319471541431,0,1,12.4158817632159,"S",0.650520721125082,0.0338707669549961,0,4
1,"3","male",9.99627993411627,1,0,11.1468136148744,"S",0.252543429444974,0.0299803223645476,1,4
1,"3","male",29.9829564619215,2,0,27.2503321306852,"S",0.484204673807888,0.0793471326330868,1,4
0,"3","male",23.8110621406707,1,1,14.5523304432126,"S",0.412667581758179,0.0404202459729085,1,4
0,"1","male",14.7866885063516,1,1,13.3513571481066,"S",0.30806801900377,0.0367385523890577,1,4
1,"1","male",29.9829564619215,1,0,6.03481029819193,"C",0.484204673807888,0.0143090081993215,1,2
0,"3","male",33.7214906059431,0,0,21.5392428208379,"S",0.527537214397736,0.0618392655101907,1,4
0,"3","female",22.5261477573772,1,0,17.0627701380631,"S",0.397774417078224,0.0481162286852959,0,4
0,"2","female",37.7323258369322,0,1,15.037039933544,"S",0.574025937985817,0.0419061672901073,0,4
0,"3","male",21.246588686871,1,1,24.0201631705282,"S",0.382943324670393,0.0694447539675279,1,4
0,"3","male",38.6953997120047,0,0,39.3777933346651,"S",0.585188718951543,0.116524975208803,1,4
0,"3","male",36.1122198995307,0,0,37.7659885866269,"S",0.555247640506692,0.111583840194849,1,4
0,"1","female",28.8166157067349,0,1,33.0313017844285,"S",0.470685870402939,0.09706922434766,0,4
1,"1","female",23.2999564706937,1,0,16.1738663152324,"S",0.406743466493538,0.0453912126383014,0,4
0,"3","male",31.8973415385964,2,1,12.0576763385119,"S",0.506393897135503,0.0327726554322774,1,4
0,"3","male",29.9829564619215,0,0,7.84970477502318,"S",0.484204673807888,0.0198727333695184,1,4
1,"3","male",59.5960877146083,1,0,11.7771256204681,"S",0.827444072611178,0.0319126015220235,1,4
1,"3","male",43.3215961160736,0,0,20.4439109607858,"S",0.638809960789469,0.0584814254168476,1,4
0,"3","female",43.8518542723297,2,0,9.89809674335722,"S",0.644956068379742,0.0261522664763398,0,4
0,"2","female",74.4834268254741,1,0,21.8992288791693,"C",1,0.0629428357283088,0,2
1,"2","male",37.1813979131337,0,1,8.42403550763622,"S",0.56764025159099,0.0216333968096517,1,4
0,"2","male",36.7273309140197,0,0,4.50463695142382,"S",0.562377259222421,0.00961812171922026,1,4
0,"3","male",29.9829564619215,0,0,41.9914282756028,"S",0.484204673807888,0.124537312395475,1,4
1,"3","male",29.9829564619215,0,0,13.1054328311639,"S",0.484204673807888,0.0359846488813859,1,4
0,"2","male",23.263426271928,0,0,9.45619149950612,"S",0.406320052861406,0.024797565495405,1,4
1,"3","male",22.3605456329612,0,0,7.50476065245702,"C",0.395854958675123,0.0188152755825601,1,2
0,"2","female",39.0904026696836,0,0,29.3922894769022,"C",0.589767112791842,0.0859134989716094,0,2
1,"1","male",27.1744688477926,2,0,69.2287985674756,"S",0.451652101369854,0.208035964574665,1,4
0,"1","male",31.7042396693774,0,2,13.9744900064009,"S",0.504155695138796,0.0386488232132446,1,4
0,"1","male",29.9829564619215,1,0,16.5434948280313,"C",0.484204673807888,0.046524342683345,1,2
0,"3","male",42.21568571121,0,2,52.6922642264134,"S",0.625991592503568,0.157341704651724,1,4
0,"2","female",27.3550454559019,0,0,3.93770814933425,"S",0.453745125774348,0.00788014957474466,0,4
1,"3","male",29.9829564619215,0,0,117.940679106259,"C",0.484204673807888,0.357366693882104,1,2
0,"3","female",46.1614836089712,0,0,181.216105497161,"S",0.671726482430278,0.551343306274833,0,4
0,"1","female",29.9829564619215,0,1,1.75820996038415,"S",0.484204673807888,0.00119869834600325,0,4
1,"1","male",6.40927613471696,0,0,18.3980943989075,"S",0.210967244302472,0.0522097874542917,1,4
1,"3","male",29.9829564619215,0,0,10.5165233359753,"S",0.484204673807888,0.0280481098122432,1,4
0,"2","female",29.9829564619215,1,0,15.8268110874376,"S",0.484204673807888,0.0443272830649952,0,4
0,"3","male",40.993030898255,0,0,13.7832410479415,"S",0.611820065036186,0.0380625320224685,1,4
1,"1","male",42.8964716766267,1,0,41.7034220351759,"S",0.633882435369505,0.123654402898811,1,4
1,"3","female",33.8166370170444,0,0,18.1502998952533,"S",0.528640035867914,0.0514501507180424,0,4
1,"3","female",29.9829564619215,0,1,8.84792976874838,"S",0.484204673807888,0.0229328834741158,0,4
1,"1","male",30.6299836344832,0,0,17.2021324336349,"C",0.491704225808128,0.0485434565608269,1,2
1,"2","male",29.9829564619215,0,1,31.9223315437989,"S",0.484204673807888,0.093669574550079,1,4
0,"3","male",25.9116663299018,0,0,6.92162663599216,"C",0.437015230538817,0.0170276248698486,1,2
0,"2","female",29.9753722062816,0,0,4.56486837414026,"S",0.484116766341297,0.00980276665967393,0,4
0,"2","male",29.1971508747304,2,0,120.719360945285,"S",0.47509657122251,0.365884997444717,1,4
1,"2","male",2.35919288556968,0,0,11.2663002180009,"S",0.164023605425564,0.0303466194852909,1,4
1,"2","female",23.9364916435232,0,0,17.7499431264465,"S",0.414121407994382,0.0502228203910701,0,4
0,"3","female",30.5149819697927,2,0,14.0410352938457,"S",0.490371266388439,0.03885282388405,0,4
0,"3","female",25.6201351173673,0,0,32.8936270945082,"C",0.433636155314759,0.0966471699817521,0,2
0,"2","male",26.121054965082,0,0,99.0387245558062,"Q",0.439442208916828,0.299421021755817,1,3
1,"3","male",36.7758748766665,2,0,33.8500493600407,"C",0.56293992179303,0.099579169996084,1,2
0,"1","female",14.0551207877948,0,0,5.12162292935489,"S",0.299588575821667,0.011509548718914,0,4
0,"1","female",6.09338789770744,0,1,5.77933668485052,"S",0.207305852076334,0.0135258304493123,0,4
0,"3","male",24.6515380328682,2,0,14.0262658245481,"S",0.422409356023281,0.0388075467237907,1,4
0,"3","male",40.779658879776,0,0,15.7775827680954,"S",0.609346916123994,0.0441763691452568,1,4
0,"1","male",54.1695190725563,0,2,4.26415423399116,"C",0.764545889289421,0.0088808999330184,1,2
0,"1","male",41.0408594668737,0,0,41.988964264797,"C",0.612374435629361,0.124529758744773,1,2
0,"3","male",8.41017548190171,1,0,7.55576991021186,"S",0.23415923582587,0.0189716491320455,1,4
0,"3","male",29.9829564619215,1,0,77.0127818333422,"C",0.484204673807888,0.23189847789076,1,2
0,"1","male",33.4211985256822,0,1,103.396316483091,"C",0.524056593850903,0.312779618741363,1,2
0,"2","female",29.9829564619215,0,1,16.0638566635228,"S",0.484204673807888,0.0450539679797303,0,4
0,"3","male",29.9829564619215,0,0,29.8169008801792,"C",0.484204673807888,0.0872151841010334,1,2
1,"2","male",16.402790276319,0,1,6.6276314971554,"S",0.326799905044298,0.0161263558568327,1,4
0,"1","male",30.6416747694858,1,1,35.20924512908,"S",0.491839735225061,0.10374590905886,1,4
0,"1","male",35.7946810317539,0,1,12.8279555777155,"S",0.551567116176375,0.0351340169582212,1,4
0,"2","male",41.6722288229031,0,0,7.54955190048518,"S",0.61969250126508,0.0189525872539768,1,4
0,"3","male",18.0170865841145,0,1,15.4807684835927,"S",0.345510864363328,0.0432664577831123,1,4
0,"3","male",24.695225424978,2,0,13.2080539655858,"Q",0.422915727135309,0.0362992433638011,1,3
0,"3","male",-9.50535636106343,1,1,14.989598650853,"S",0.0265041815005143,0.0417607316948238,1,4
1,"3","female",20.6888014701223,1,1,47.2150129283985,"S",0.376478133694696,0.140550689361697,0,4
0,"3","male",22.0959840519199,0,0,9.90681760030536,"S",0.392788482615965,0.0261790010616986,1,4
0,"2","female",14.9160246315721,0,0,95.7289441841658,"S",0.309567126054808,0.289274587020024,0,4
0,"2","female",29.9829564619215,2,0,6.094863275592,"C",0.484204673807888,0.0144931060993214,0,2
0,"3","female",28.8887912353436,0,1,85.9604447656198,"S",0.471522441342923,0.259328357757753,0,4
0,"2","male",-3.05860122487536,2,0,8.0457213457472,"Q",0.101227125801666,0.0204736401121611,1,3
1,"3","male",32.8248655548755,1,0,20.0672290844271,"S",0.517144627377661,0.0573266726400839,1,4
1,"3","male",16.2393001035591,0,0,12.9206072480081,"S",0.324904925816012,0.0354180491356553,1,4
0,"1","female",29.9829564619215,0,0,14.7411690588766,"S",0.484204673807888,0.0409991480371813,0,4
0,"3","male",11.1131569079343,2,1,41.3148298885995,"S",0.265488908859475,0.122463138098324,1,4
0,"1","female",30.1350948086986,0,1,77.4663863305126,"Q",0.485968076476694,0.233289044003798,0,3
0,"1","male",25.5941317311457,0,0,58.6432356616079,"S",0.433334755689795,0.175584952390801,1,4
1,"3","female",34.0949773317798,0,0,13.9520897636299,"S",0.531866218248875,0.0385801532183142,0,4
0,"2","male",31.5081105259445,0,1,23.7084067435916,"S",0.501882404661499,0.0684890360998168,1,4
0,"3","male",26.0001194621889,0,0,9.93565610616041,"C",0.438040471662068,0.0262674081415288,1,2
1,"3","male",29.9829564619215,0,0,8.22850806911359,"S",0.484204673807888,0.0210339895465519,1,4
0,"3","male",29.9829564619215,0,1,7.15870561673424,"S",0.484204673807888,0.0177544121896173,1,4
0,"2","male",21.2336393831628,0,1,13.5472560829286,"C",0.382793232092145,0.0373390985080733,1,2
1,"2","male",29.579941683021,1,1,25.1446479294548,"S",0.479533416680828,0.0728919649412843,1,4
0,"2","male",20.8804047656128,1,0,3.59436145907231,"S",0.37869896604747,0.00682758886275801,1,4
0,"1","male",29.9829564619215,0,0,19.2648399007936,"S",0.484204673807888,0.0548668751398626,1,4
0,"3","male",25.6512966714306,0,0,78.6040018369009,"S",0.433997342147424,0.236776508486003,1,4
1,"2","female",29.9829564619215,0,0,55.1314295154584,"Q",0.484204673807888,0.164819189148026,0,3
0,"1","male",29.9829564619215,0,0,11.8619325968612,"S",0.484204673807888,0.032172585072136,1,4
0,"3","male",29.9829564619215,0,0,5.71340050621075,"C",0.484204673807888,0.0133236970573119,1,2
0,"2","male",29.9829564619215,0,0,30.3819072752762,"S",0.484204673807888,0.0889472629308792,1,4
0,"1","male",56.9364974139004,0,1,2.4950644856297,"S",0.796617336725379,0.00345759335131509,1,4
1,"1","male",20.0008145699504,0,0,54.5511451264555,"S",0.368503826351628,0.16304027422918,1,4
0,"3","male",28.6345594069392,0,0,16.5729407145685,"S",0.468575695212175,0.0466146117442613,1,4
0,"3","female",29.9829564619215,1,1,104.393800188721,"S",0.484204673807888,0.31583749635944,0,4
0,"1","male",29.3603670915882,0,0,4.24495433770545,"S",0.476988375087193,0.00882204089322645,1,4
1,"3","female",22.4410368831645,1,0,45.8938720990738,"S",0.396787915345358,0.136500611200502,0,4
0,"3","male",29.9829564619215,1,0,18.3483939382163,"C",0.484204673807888,0.0520574261420237,1,2
1,"3","male",22.2928988937313,0,0,14.9103338818546,"S",0.395070879953216,0.0415177382888624,1,4
0,"1","male",29.9829564619215,1,0,5.85409186777335,"C",0.484204673807888,0.013754999306312,1,2
0,"1","male",4.66420312370521,0,0,34.3352703537524,"S",0.190740480504463,0.101066659373723,1,4
1,"3","male",18.1626567957765,2,0,36.9115181121048,"S",0.347198137198753,0.108964382729427,1,4
1,"2","female",14.5171700488864,0,0,100.14458800593,"S",0.304944088862193,0.30281114740268,0,4
0,"3","female",29.9829564619215,0,0,49.7616813264303,"C",0.484204673807888,0.148357734480383,0,2
1,"3","male",38.4158316425073,1,0,11.7692971479847,"S",0.581948305930709,0.031888602622938,1,4
0,"1","male",16.5937503010773,0,0,8.13783093614679,"S",0.329013281385159,0.0207560104940565,1,4
0,"3","male",25.9266848568347,1,0,5.86121962947371,"S",0.437189307035874,0.0137768501123427,1,4
1,"3","male",2.75548139936824,0,0,75.6336969760853,"S",0.168616899868769,0.22767076700723,1,4
0,"3","male",22.5320707223509,0,0,9.97062374446703,"C",0.397843068884052,0.0263746046380042,1,2
1,"2","female",35.485237560184,0,0,76.1120717267839,"S",0.547980423832396,0.229137268600147,0,4
0,"3","female",41.6615993994045,1,0,32.2192737380363,"Q",0.619569297916533,0.094579878031225,0,3
1,"3","male",19.3608173154759,0,0,27.0290602682779,"S",0.361085756611312,0.0786688034816963,1,4
0,"3","male",44.951895477649,0,0,15.2383994030415,"S",0.657706408043279,0.0425234531780762,1,4
0,"3","female",7.72246713805466,0,0,36.4013412576702,"S",0.226188157168909,0.107400388876062,0,4
0,"3","female",11.609396912415,0,1,19.80781017975,"S",0.271240719410904,0.0565314002382985,0,4
0,"2","male",39.9900970517492,0,1,14.406911225762,"S",0.600195275763593,0.0399744500488539,1,4
0,"1","male",29.9829564619215,1,0,37.5774564461296,"S",0.484204673807888,0.111005877658257,1,4
0,"1","female",36.8547638286636,0,1,17.6445173201058,"S",0.563854306571345,0.0498996279301233,0,4
0,"3","female",29.1150353952568,1,0,9.79134369718605,"S",0.474144788462137,0.0258250052401853,0,4
0,"3","male",-2.13016432457202,1,0,34.4615461451231,"S",0.111988437085085,0.101453769372571,1,4
0,"3","female",0.374517687369551,0,2,18.9615436553526,"Q",0.141019664503639,0.053937092733046,0,3
1,"2","male",31.5764382849901,1,1,31.1875510561714,"S",0.502674376936779,0.0914170376969609,1,4
1,"3","female",24.508091291218,0,0,13.3501300648105,"S",0.42074669586944,0.0367347906528755,0,4
1,"3","male",13.6653898587943,0,0,6.76519323933193,"S",0.2950712889254,0.0165480639710918,1,4
0,"2","male",30.6502224220357,1,0,95.7333350332595,"S",0.491938809216845,0.289288047569898,1,4
1,"3","male",31.3694048288632,0,0,80.797843004933,"S",0.500274696929732,0.243501929430203,1,4
0,"3","male",29.9829564619215,1,1,44.4963189326374,"Q",0.484204673807888,0.13221628402443,1,3
0,"3","male",31.6807331036842,0,0,14.1677801523531,"S",0.503883235620496,0.0392413718511484,1,4
0,"1","male",47.5117183408486,0,0,15.3284997458044,"C",0.687376761141377,0.0427996640273971,1,2
1,"3","male",29.8159134284578,0,0,69.6926389214941,"S",0.482268514139694,0.209457909643951,1,4
0,"3","male",28.0276425752936,0,0,14.6077610492091,"C",0.46154105349732,0.0405901735701979,1,2
0,"3","female",45.1325267005841,0,1,11.3668311624613,"S",0.659800065476406,0.0306548062990247,0,4
1,"3","female",15.5126072393992,0,0,108.311486264405,"Q",0.316481986016755,0.327847521684035,0,3
0,"3","female",29.9829564619215,0,1,19.2418979524102,"S",0.484204673807888,0.0547965444967847,0,4
0,"2","male",35.1412334334177,0,1,98.6504501600991,"S",0.543993146409769,0.298230731049709,1,4
1,"3","male",29.9829564619215,1,0,5.70559504578582,"S",0.484204673807888,0.0132997687037985,1,4
0,"3","female",29.9829564619215,2,0,32.020182096256,"S",0.484204673807888,0.09396954437674,0,4
0,"3","male",56.9184788923088,2,2,129.538008407785,"S",0.796408487939156,0.392919368577891,1,4
1,"1","male",29.9829564619215,1,0,20.630605357237,"S",0.484204673807888,0.0590537541808228,1,4
1,"2","female",29.9829564619215,1,0,15.8377440785302,"S",0.484204673807888,0.0443607991500924,0,4
0,"3","female",50.0503205791288,0,0,7.02182583138742,"C",0.716801150566218,0.0173347946764521,0,2
1,"2","male",24.7569995980472,0,0,53.2026788281099,"S",0.423631738213129,0.158906427341086,1,4
0,"3","female",31.2537485561702,1,0,10.0430888931173,"C",0.498934150090282,0.0265967531852914,0,2
0,"2","male",29.9829564619215,0,0,18.4427676537525,"S",0.484204673807888,0.0523467374068035,1,4
0,"3","female",37.3299292627965,0,0,6.61240842413638,"S",0.569361846336465,0.0160796881328383,0,4
0,"3","male",20.2550727940205,0,1,81.5490875438401,"S",0.371450878428828,0.245804938339784,1,4
1,"2","male",29.9829564619215,2,1,56.7920743360078,"S",0.484204673807888,0.169910047875515,1,4
1,"3","male",29.9829564619215,0,1,19.5226186806347,"S",0.484204673807888,0.0556571195888118,1,4
0,"2","male",29.9829564619215,0,0,7.10832020611711,"S",0.484204673807888,0.017599951100645,1,4
0,"3","female",58.442774352111,0,0,80.0231801291503,"S",0.814076266896966,0.24112712946501,0,4
0,"3","male",30.3744409681137,2,0,14.4495236072355,"S",0.488742286038071,0.0401050822053748,1,4
1,"3","female",30.6276768148484,1,0,7.42843826324818,"S",0.491677487960723,0.0185813023112147,0,4
0,"1","female",24.285076987932,0,1,4.11275774948659,"S",0.418161785319751,0.0084167801495982,0,4
0,"1","male",45.7370912267904,0,3,11.2304785490792,"C",0.666807442127735,0.0302368048797794,1,2
0,"3","female",24.930661880166,1,2,5.42395736256441,"S",0.425644620160689,0.0124363826022822,0,4
0,"3","male",23.5906095176374,1,0,11.4668612739136,"S",0.410112363090186,0.0309614577633217,1,4
1,"3","male",43.889596523142,0,0,39.2506443371951,"S",0.64539353064497,0.116135188316716,1,4
1,"1","male",29.9829564619215,0,1,14.3269138020222,"C",0.484204673807888,0.0397292106227088,1,2
0,"2","female",29.1525520004963,0,0,27.6637818691523,"S",0.474579635318339,0.0806146006571985,0,4
1,"3","female",6.7709936680906,0,0,10.4750768932012,"S",0.215159833989539,0.0279210519475457,0,4
1,"1","female",39.9107600042859,0,0,21.2988303854785,"C",0.599275697207656,0.0611022591801186,0,2
0,"2","female",57.8425706181371,1,0,113.160904541744,"C",0.807119435245129,0.342713857371801,0,2
0,"3","female",40.157767905597,1,3,14.6781872286677,"S",0.602138712362056,0.0408060714707628,0,4
0,"1","male",29.9829564619215,0,0,28.3885670047209,"S",0.484204673807888,0.0828364958435169,1,4
1,"3","female",17.4315190254287,0,0,4.90878027907139,"S",0.338723677453339,0.0108570600889737,0,4
0,"2","male",33.1267020894089,0,0,78.8932371651641,"S",0.520643149359889,0.23766318586395,1,4
0,"3","male",16.0241810966439,0,0,13.0725424447701,"C",0.322411527938743,0.0358838203908191,1,2
0,"3","male",26.3973995890705,2,2,51.7011634389465,"S",0.442645259678025,0.154303394453624,1,4
1,"3","male",40.8970664216113,0,0,17.9778012662778,"S",0.610707761545259,0.0509213403788697,1,4
0,"1","male",31.1763988899978,1,0,34.8279919043144,"S",0.498037606841002,0.102577142395053,1,4
1,"3","male",29.9829564619215,0,0,36.7416571841584,"S",0.484204673807888,0.108443658504237,1,4
0,"3","male",10.6320779697026,1,0,13.3671966493882,"S",0.259912826947481,0.0367871098303244,1,4
1,"2","male",9.67312299338378,0,0,53.6625729077996,"S",0.24879778724626,0.160316274745141,1,4
0,"1","female",36.8260625541241,0,0,10.144316748417,"S",0.563521636306462,0.0269070764430046,0,4
0,"1","male",59.6264707670217,0,0,40.4529996615635,"S",0.827796235999615,0.119821118637794,1,4
1,"3","male",29.9829564619215,1,1,14.1372793691806,"S",0.484204673807888,0.0391478689080219,1,4
1,"3","male",29.9829564619215,0,0,27.5114464817053,"S",0.484204673807888,0.0801476025808529,1,4
0,"3","male",50.3056011020119,0,0,13.2527661659006,"S",0.719760051887827,0.036436312707216,1,4
0,"3","male",43.2778060467124,0,0,21.0095769128434,"S",0.63830239956763,0.0602155261789377,1,4
1,"3","female",29.9829564619215,0,0,7.63524989616453,"C",0.484204673807888,0.0192153023052833,0,2
1,"3","male",25.3035765576978,0,2,25.0983294016607,"Q",0.429966993523665,0.0727499712539244,1,3
0,"2","female",45.5850749666892,1,0,20.900415757236,"Q",0.665045454539182,0.059880882662847,0,3
0,"3","female",37.6812859085544,1,0,12.3525411289155,"S",0.573434345216317,0.0336765904417869,0,4
1,"1","male",10.7181217403742,1,0,19.1150279671838,"S",0.260910141681411,0.054407612942274,1,4
1,"3","female",38.5557612590448,0,0,22.6600628351626,"S",0.58357019984815,0.0652752418738669,0,4
1,"3","male",-1.29375864316852,0,1,11.5337630579513,"S",0.121683034417292,0.0311665513070697,1,4
0,"2","female",29.9829564619215,1,0,17.8877707644343,"S",0.484204673807888,0.0506453436332812,0,4
0,"3","female",46.2003731563007,1,0,8.12546740389608,"S",0.672177242761267,0.020718108954075,0,4
1,"1","female",29.9667161257841,0,0,165.86260004868,"S",0.484016435584628,0.504275729727014,0,4
1,"3","female",22.4654055255518,0,1,52.1021801924164,"S",0.397070367008145,0.155532748024002,0,4
1,"3","female",42.5955206796991,1,0,25.6818545801782,"S",0.630394177462118,0.0745388211097188,0,4
0,"3","female",43.8339013187554,1,0,57.6794890585375,"S",0.644747979578224,0.172630498949212,0,4
0,"2","male",48.6955755465708,0,1,3.38269514178927,"S",0.701098593935542,0.00617870638932261,1,4
1,"1","female",42.3779652124726,0,0,2.00990656506734,"Q",0.627872539100406,0.00197029733018989,0,3
0,"1","female",45.3799345120886,0,0,14.0221475071723,"S",0.662667715903354,0.0387949216448479,0,4
1,"1","male",40.3271740828443,0,0,5.80832521781732,"S",0.604102262718678,0.0136146974509884,1,4
0,"1","female",33.5501654121888,1,1,16.2331431865318,"S",0.525551421135878,0.045572931313998,0,4
1,"1","male",30.9978804965753,0,0,24.1694871620306,"S",0.495968438757735,0.0699025203339156,1,4
1,"3","male",26.2597340730877,1,0,45.9876576488995,"S",0.441049608460371,0.13678811938945,1,4
0,"1","male",12.120659750634,0,0,7.21067389867955,"S",0.277166656378641,0.0179137257155562,1,4
0,"1","male",15.8479831221128,0,0,28.7796234473852,"Q",0.320369255328922,0.0840353151692652,1,3
0,"3","female",25.6107900119395,0,1,20.3473508455979,"S",0.433527838219162,0.0581854115437734,0,4
0,"3","male",33.2010563142352,1,0,27.4607683031026,"S",0.521504973096464,0.0799922439848182,1,4
0,"3","male",29.9829564619215,0,0,12.5812202317383,"S",0.484204673807888,0.0343776271667952,1,4
0,"3","male",29.0939401958051,0,1,69.7433186309421,"Q",0.473900278568344,0.209613272932933,1,3
1,"3","male",29.9829564619215,1,0,18.2989231968372,"S",0.484204673807888,0.0519057690553373,1,4
0,"3","female",45.3500770182658,0,0,99.1629048342386,"Q",0.662321644150857,0.299801707767911,0,3
0,"3","female",26.3440214335125,2,0,9.86161759735873,"S",0.442026565023055,0.0260404363146582,0,4
0,"3","male",38.3230080648677,1,1,39.1948204214369,"S",0.580872407920737,0.115964054992345,1,4
0,"2","male",26.1688433949895,1,0,19.0353612432061,"C",0.439996114270884,0.0541633873065248,1,2
0,"2","male",29.9829564619215,0,0,14.9547926192266,"S",0.484204673807888,0.0416540306184217,1,4
0,"3","male",38.919728404856,0,0,35.4840679789799,"S",0.587788864306373,0.104588403664939,1,4
1,"1","male",12.4379855570188,0,0,15.3442969182994,"Q",0.280844711160451,0.0428480917058934,1,3
0,"3","male",29.9829564619215,1,0,1.82984487693529,"S",0.484204673807888,0.00141830174078377,1,4
